<?xml version="1.0" encoding="UTF-8" ?>
<!DOCTYPE mapper PUBLIC "-//mybatis.org//DTD Mapper 3.0//EN" "http://mybatis.org/dtd/mybatis-3-mapper.dtd" >
<mapper namespace="com.vms.mapper.VehicleMapper">
    <resultMap id="BaseResultMap" type="com.vms.model.VehiclePosInfo">
        <id column="cardnumber" property="cardnumber" jdbcType="VARCHAR"/>
        <result column="longitude" property="longitude" jdbcType="BIGINT"/>
        <result column="dimension" property="dimension" jdbcType="BIGINT"/>
		<result column="displayicon" property="displayicon" jdbcType="VARCHAR"/>
    </resultMap>
	
	<resultMap id="DeptResultMap" type="com.vms.model.VehicleWtihDept">
		<result column="name" property="deptName" jdbcType="VARCHAR"/>
		<result column="cardnumber" property="cardnumber" jdbcType="VARCHAR"/>
    </resultMap>
	
    <sql id="Base_Column_List">
        cardnumber, longitude, dimension,displayicon
    </sql>
	
	<sql id="Base_Column_List_Dept">
        name, cardnumber
    </sql>

    <select id="queryVehicleInfoByCardNumberList" resultMap="BaseResultMap" parameterType="java.lang.String">
        select
        <include refid="Base_Column_List"/>
		from t_equipposinfo a , t_equipment b
         where a.cardnumber = b.cardnumber
           and a.cardnumber in (${params.CARDNUMBERLIST})
    </select>
	
	
	<select id="queryVehicleWtihDeptInfo" resultMap="DeptResultMap" parameterType="java.lang.String">
        select
        <include refid="Base_Column_List_Dept"/>
		  from t_dept a ,t_equipment b
         where a.id = b.belongdept
		 
		<if test=" STATUS != 0 ">
        	and b.status=#{STATUS}
        </if>
		
		<if test=" CARDNUMBER != null ">
        	and b.cardnumber=#{CARDNUMBER}
        </if>
		
		order by a.name desc 
    </select>
</mapper>