<?xml version="1.0" encoding="UTF-8"?>
<!DOCTYPE mapper PUBLIC "-//mybatis.org//DTD Mapper 3.0//EN" "http://mybatis.org/dtd/mybatis-3-mapper.dtd">
<mapper namespace="com.vms.activiti.mapper.ActHiTaskinstMapper">
  <resultMap id="BaseResultMap" type="com.vms.activiti.model.ActHiTaskinst">
    <id column="ID_" jdbcType="VARCHAR" property="id" />
    <result column="REV_" jdbcType="VARCHAR" property="rev" />
    <result column="PROC_DEF_ID_" jdbcType="VARCHAR" property="procDefId" />
    <result column="TASK_DEF_KEY_" jdbcType="VARCHAR" property="taskDefKey" />
    <result column="PROC_INST_ID_" jdbcType="VARCHAR" property="procInstId" />
    <result column="EXECUTION_ID_" jdbcType="VARCHAR" property="executionId" />
    <result column="PARENT_TASK_ID_" jdbcType="VARCHAR" property="parentTaskId" />
    <result column="NAME_" jdbcType="VARCHAR" property="name" />
    <result column="LOGINNAME" jdbcType="VARCHAR" property="loginName" />
    <result column="DESCRIPTION_" jdbcType="VARCHAR" property="description" />
    <result column="OWNER_" jdbcType="VARCHAR" property="owner" />
    <result column="ASSIGNEE_" jdbcType="VARCHAR" property="assignee" />
    <result column="START_TIME_" jdbcType="TIMESTAMP" property="startTime" />
    <result column="CLAIM_TIME_" jdbcType="TIMESTAMP" property="claimTime" />
    <result column="END_TIME_" jdbcType="TIMESTAMP" property="endTime" />
    <result column="DURATION_" jdbcType="DECIMAL" property="duration" />
    
    <result column="START_USER_ID_" jdbcType="VARCHAR" property="startUserId" />
    <result column="USER_ID_" jdbcType="VARCHAR" property="userId" />
    <result column="APP_NO" jdbcType="VARCHAR" property="appNo" />
    <result column="INFO_ARC_DATE" jdbcType="VARCHAR" property="infoArcDate" />
    <result column="REASON" jdbcType="VARCHAR" property="reason" />
    <result column="HANDLE_TIME" jdbcType="VARCHAR" property="handleTime" />
    <result column="APP_TYPE_CODE" jdbcType="VARCHAR" property="appTypeCode" />
    <result column="CONS_SORT_CODE" jdbcType="VARCHAR" property="consSortCode" />
    <result column="CONS_NAME" jdbcType="VARCHAR" property="consName" />
    <result column="CONS_NO" jdbcType="VARCHAR" property="consNo" />
    <result column="ORGNAME" jdbcType="VARCHAR" property="orgName" />
    <result column="PS_ORG_NO" jdbcType="VARCHAR" property="psOrgNo" />
    <result column="BUSINESS_KEY_" jdbcType="VARCHAR" property="businessKey" />
    
    <result column="DELETE_REASON_" jdbcType="VARCHAR" property="deleteReason" />
    <result column="PRIORITY_" jdbcType="DECIMAL" property="priority" />
    <result column="DUE_DATE_" jdbcType="TIMESTAMP" property="dueDate" />
    <result column="FORM_KEY_" jdbcType="VARCHAR" property="formKey" />
    <result column="CATEGORY_" jdbcType="VARCHAR" property="category" />
    <result column="TENANT_ID_" jdbcType="VARCHAR" property="tenantId" />
    <result column="DELEGATION_" jdbcType="VARCHAR" property="delegation" />
    <result column="CREATE_TIME_" jdbcType="VARCHAR" property="createTime" />
    <result column="SUSPENSION_STATE_" jdbcType="VARCHAR" property="suspensionState" />
    <result column="PNAME" jdbcType="VARCHAR" property="pname" />
    <result column="TASKNAME" jdbcType="VARCHAR" property="taskName" />
    <result column="TASKID" jdbcType="VARCHAR" property="taskId" />

    <result column="EDATE" jdbcType="VARCHAR" property="eDate" />
    <result column="BDATE" jdbcType="VARCHAR" property="bDate" />
    
    <result column="CONS_ID" jdbcType="VARCHAR" property="consId" />
    <result column="CUST_ID" jdbcType="VARCHAR" property="custId" />
    <result column="GROUP_ID_" jdbcType="VARCHAR" property="groupId" />
    <result column="LAST_COMP_TIME" jdbcType="TIMESTAMP" property="lastCompTime" />
    <result column="TASK_STATUS" jdbcType="VARCHAR" property="taskStatus" />
    
    
    
  </resultMap>
  <sql id="Base_Column_List">
    	ID_,
        REV_,
        EXECUTION_ID_,
        PROC_INST_ID_,
        PROC_DEF_ID_,
        NAME_,
        PARENT_TASK_ID_,
        DESCRIPTION_,
        TASK_DEF_KEY_,
        OWNER_,
        ASSIGNEE_,
        DELEGATION_,
        PRIORITY_,
        CREATE_TIME_,
        DUE_DATE_,
        CATEGORY_,
        SUSPENSION_STATE_,
        TENANT_ID_,
        FORM_KEY_
  </sql>
  <!-- 申请中，未归档 -->
  <select id="findgActHiTaskinstByPage" parameterType="com.vms.model.Page" resultMap="BaseResultMap">
	 SELECT distinct I.NAME  AS userId,
	   I.LOGINNAME AS loginName,
       N.NAME AS  startUserId,
       A.PROC_INST_ID_,
       C.APP_NO,
       D.NAME_          AS PNAME,
       A.NAME_          AS TASKNAME,
       B.BUSINESS_KEY_,
       C.PS_ORG_NO,
       E.NAME           AS ORGNAME,
       C.ID,
       C.CONS_ID,
       C.CUST_ID,
       C.CONS_NO,
       C.CONS_NAME,
       C.CONS_SORT_CODE,
       C.APP_TYPE_CODE,
       C.HANDLE_TIME,
       C.INFO_ARC_DATE,
       C.REASON         AS REASON,
       (case when c.status = '04' then 3
         else 
       B.SUSPENSION_STATE_ end   )       AS suspensionState,
       A.id_              AS TASKID,
       A.task_def_key_    AS taskDefKey,
       A.assignee_        AS assignee,
       C.app_id           AS appId,
       B.proc_def_id_     AS procDefId,
       M.LAST_COMP_TIME,
       M.TASK_STATUS,
         '1'       AS applyState
  FROM ACT_RU_TASK A
  LEFT JOIN T_RUN_ACT_TIME M
    ON A.id_ = M.TASK_ID
  LEFT JOIN ACT_RU_EXECUTION B
    ON A.PROC_INST_ID_ = B.PROC_INST_ID_
  LEFT JOIN S_APP C
    ON B.BUSINESS_KEY_ = C.ID
  LEFT JOIN ACT_RE_PROCDEF D
    ON A.PROC_DEF_ID_ = D.ID_
  LEFT JOIN T_SYS_ORGANIZATION E
    ON C.PS_ORG_NO = E.ID
  LEFT JOIN ACT_HI_PROCINST F
    ON A.PROC_INST_ID_ = F.PROC_INST_ID_
  LEFT JOIN C_CONS H
    ON C.CONS_NO = H.CONS_NO
  LEFT JOIN T_SYS_USER I
    ON A.ASSIGNEE_ = I.ID
  LEFT JOIN T_SYS_USER N
    ON F.START_USER_ID_ = N.ID
   	<where>
        1=1
   		<if test="params.psOrgNo != '' and params.psOrgNo != null">
			AND E.ID = #{params.psOrgNo}
		</if>
   		<if test="params.appNo != '' and params.appNo != null">
			AND C.APP_NO = #{params.appNo} 
		</if>
		<if test="params.pname != '' and params.pname != null">
			AND D.NAME_ LIKE concat(concat('%',#{params.pname}),'%')  escape '/'
		</if>
		<if test="params.name != '' and params.name != null">
			AND A.NAME_ LIKE concat(concat('%',#{params.name}),'%')  escape '/'
		</if>
		<if test="params.procDefId != '' and params.procDefId != null">
			AND D.ID_ =  #{params.procDefId}
		</if>
		<if test="params.procInstId != '' and params.procInstId != null">
			AND A.PROC_INST_ID_ =  #{params.procInstId} 
		</if>
		<if test="params.taskDefKey != '' and params.taskDefKey != null">
			AND A.TASK_DEF_KEY_ = #{params.taskDefKey}
		</if>
		<if test="params.consName != '' and params.consName != null">
			AND C.CONS_NAME    LIKE concat(concat('%',#{params.consName}),'%') escape '/' 
		</if>
		<if test="params.id != '' and params.id != null">
			AND C.ID = #{params.id}
		</if>
		<if test="params.suspensionState != '' and params.suspensionState != null">
			AND B.SUSPENSION_STATE_ = #{params.suspensionState}
		</if>
        <if test="params.userId != '' and params.userId != null">
            AND (I.ID = #{params.userId} or I.name = #{params.userId})
        </if>
        <if test="params.startUserId != '' and params.startUserId != null">
            AND N.NAME  LIKE concat(concat('%',#{params.startUserId}),'%') escape '/' 
        </if>
		<if test="params.bDate != '' and params.bDate != null">
			AND to_date(to_char(C.HANDLE_TIME,'yyyy-MM-dd'),'yyyy-MM-dd') &gt;=  to_date(#{params.bDate},'yyyy-MM-dd')
		</if>
		<if test="params.eDate != '' and params.eDate != null">
			AND to_date(to_char(C.HANDLE_TIME,'yyyy-MM-dd'),'yyyy-MM-dd') &lt;=  to_date(#{params.eDate},'yyyy-MM-dd')
		</if>
		<if test="params.appId != '' and params.appId != null">
			AND C.APP_ID = #{params.appId} 
		</if>
		<if test="params.flowType != '' and params.flowType != null">
			AND M.FLOW_TYPE = #{params.flowType} 
		</if>
		<if test="params.taskStatus != '' and params.taskStatus != null">
			AND M.TASK_STATUS = #{params.taskStatus} 
		</if>
		 	AND C.APP_NO IS NOT NULL 
	</where>
	<choose>
	    <when test="conditions == null">
	    	ORDER BY C.HANDLE_TIME DESC
	    </when>
	    <otherwise>
	         order by  ${conditions.order}
	    </otherwise>
	</choose>
  </select>
  
  <select id="findWaitHandlesByPage" parameterType="com.vms.model.Page" resultMap="BaseResultMap">
  select * from (
	 SELECT M.*,J.Group_Id_ FROM　( SELECT #{params.userId} AS userId,
	   '1' AS REV_,
       N.NAME AS  startUserId,
       A.PROC_INST_ID_,
       C.APP_NO,
       D.NAME_          AS PNAME,
       A.NAME_          AS TASKNAME,
       B.BUSINESS_KEY_,
       C.PS_ORG_NO,
       E.NAME           AS ORGNAME,
       C.ID,
       C.CONS_ID,
       C.CUST_ID,
       C.CONS_NO,
       C.CONS_NAME,
       C.CONS_SORT_CODE,
       C.APP_TYPE_CODE,
       C.HANDLE_TIME,
       C.INFO_ARC_DATE,
       C.REASON         AS REASON,
       B.SUSPENSION_STATE_           AS suspensionState,
       A.id_              AS TASKID,
       A.task_def_key_    AS taskDefKey,
       A.assignee_        AS assignee,
       C.app_id           AS appId,
       B.proc_def_id_     AS procDefId
  FROM ACT_RU_TASK A
  LEFT JOIN ACT_RU_EXECUTION B
    ON A.PROC_INST_ID_ = B.PROC_INST_ID_
  LEFT JOIN S_APP C
    ON B.BUSINESS_KEY_ = C.ID
  LEFT JOIN ACT_RE_PROCDEF D
    ON A.PROC_DEF_ID_ = D.ID_
  LEFT JOIN T_SYS_ORGANIZATION E
    ON C.PS_ORG_NO = E.ID
  LEFT JOIN ACT_HI_PROCINST F
    ON A.PROC_INST_ID_ = F.PROC_INST_ID_
  LEFT JOIN C_CONS H
    ON C.CONS_NO = H.CONS_NO
  LEFT JOIN T_SYS_USER I
    ON A.ASSIGNEE_ = I.ID
  LEFT JOIN T_SYS_USER N
    ON F.START_USER_ID_ = N.ID
   	WHERE
        C.APP_NO IS NOT NULL 
   		<if test="params.psOrgNo != '' and params.psOrgNo != null">
			AND E.ID = #{params.psOrgNo}
		</if>
   		<if test="params.appNo != '' and params.appNo != null">
			AND C.APP_NO = #{params.appNo} 
		</if>
		<if test="params.pname != '' and params.pname != null">
			AND D.NAME_ LIKE concat(concat('%',#{params.pname}),'%')  escape '/'
		</if>
		<if test="params.name != '' and params.name != null">
			AND A.NAME_ LIKE concat(concat('%',#{params.name}),'%')  escape '/'
		</if>
		<if test="params.procDefId != '' and params.procDefId != null">
			AND D.ID_ =  #{params.procDefId}
		</if>
		<if test="params.procInstId != '' and params.procInstId != null">
			AND A.PROC_INST_ID_ =  #{params.procInstId} 
		</if>
		<if test="params.taskDefKey != '' and params.taskDefKey != null">
			AND A.TASK_DEF_KEY_ = #{params.taskDefKey}
		</if>
		<if test="params.consName != '' and params.consName != null">
			AND C.CONS_NAME  LIKE concat(concat('%',#{params.consName}),'%') escape '/' 
		</if>
		<if test="params.id != '' and params.id != null">
			AND C.ID = #{params.id}
		</if>
		<if test="params.suspensionState != '' and params.suspensionState != null">
			AND B.SUSPENSION_STATE_ = #{params.suspensionState}
		</if>
        <if test="params.userId != '' and params.userId != null">
            AND I.ID = #{params.userId}
        </if>
        <if test="params.startUserId != '' and params.startUserId != null">
            AND N.NAME = #{params.startUserId}
        </if>
		<if test="params.bDate != '' and params.bDate != null">
			AND to_date(to_char(C.HANDLE_TIME,'yyyy-MM-dd'),'yyyy-MM-dd') &gt;=  to_date(#{params.bDate},'yyyy-MM-dd')
		</if>
		<if test="params.eDate != '' and params.eDate != null">
			AND to_date(to_char(C.HANDLE_TIME,'yyyy-MM-dd'),'yyyy-MM-dd') &lt;=  to_date(#{params.eDate},'yyyy-MM-dd')
		</if>) M
	  LEFT JOIN act_ru_identitylink J 
	  ON J.TASK_ID_ = M.TASKID
	UNION
		SELECT #{params.userId} AS userId,
		   '2' AS REV_,
	       N.NAME AS  startUserId,
	       A.PROC_INST_ID_,
	       C.APP_NO,
	       D.NAME_          AS PNAME,
	       A.NAME_          AS TASKNAME,
	       B.BUSINESS_KEY_,
	       C.PS_ORG_NO,
	       E.NAME           AS ORGNAME,
	       C.ID,
	       C.CONS_ID,
	       C.CUST_ID,
	       C.CONS_NO,
	       C.CONS_NAME,
	       C.CONS_SORT_CODE,
	       C.APP_TYPE_CODE,
	       C.HANDLE_TIME,
	       C.INFO_ARC_DATE,
	       C.REASON         AS REASON,
	       B.SUSPENSION_STATE_           AS suspensionState,
	       A.id_              AS TASKID,
	       A.task_def_key_    AS taskDefKey,
	       A.assignee_        AS assignee,
	       C.app_id           AS appId,
	       B.proc_def_id_     AS procDefId,
	       K.GROUP_ID_
	  FROM ACT_RU_TASK A
	  LEFT JOIN ACT_RU_EXECUTION B
	    ON A.PROC_INST_ID_ = B.PROC_INST_ID_
	  LEFT JOIN S_APP C
	    ON B.BUSINESS_KEY_ = C.ID
	  LEFT JOIN ACT_RE_PROCDEF D
	    ON A.PROC_DEF_ID_ = D.ID_
	  LEFT JOIN act_ru_identitylink K
    	ON A.Id_ = K.Task_Id_
	  LEFT JOIN T_SYS_ORGANIZATION E
	    ON C.PS_ORG_NO = E.ID
	  LEFT JOIN ACT_HI_PROCINST F
	    ON A.PROC_INST_ID_ = F.PROC_INST_ID_
	  LEFT JOIN C_CONS H
	    ON C.CONS_NO = H.CONS_NO
	  LEFT JOIN T_SYS_USER_ROLE R
   		ON K.GROUP_ID_ = to_char(R.ROLE_ID)
	  LEFT JOIN T_SYS_USER N
	    ON F.START_USER_ID_ = N.ID
	   	WHERE 
	        A.assignee_ is null
	   		<if test="params.psOrgNo != '' and params.psOrgNo != null">
				AND E.ID = #{params.psOrgNo}
			</if>
	   		<if test="params.appNo != '' and params.appNo != null">
				AND C.APP_NO = #{params.appNo} 
			</if>
			<if test="params.pname != '' and params.pname != null">
				AND D.NAME_ LIKE concat(concat('%',#{params.pname}),'%')  escape '/'
			</if>
			<if test="params.name != '' and params.name != null">
				AND A.NAME_ LIKE concat(concat('%',#{params.name}),'%')  escape '/'
			</if>
			<if test="params.procDefId != '' and params.procDefId != null">
				AND D.ID_ =  #{params.procDefId}
			</if>
			<if test="params.procInstId != '' and params.procInstId != null">
				AND A.PROC_INST_ID_ =  #{params.procInstId} 
			</if>
			<if test="params.taskDefKey != '' and params.taskDefKey != null">
				AND A.TASK_DEF_KEY_ = #{params.taskDefKey}
			</if>
			<if test="params.consName != '' and params.consName != null">
				AND C.CONS_NAME LIKE concat(concat('%',#{params.consName}),'%') escape '/' 
			</if>
			<if test="params.id != '' and params.id != null">
				AND C.ID = #{params.id}
			</if>
			<if test="params.suspensionState != '' and params.suspensionState != null">
				AND B.SUSPENSION_STATE_ = #{params.suspensionState}
			</if>
	        <if test="params.userId != '' and params.userId != null">
	            AND R.USER_ID = #{params.userId}
	        </if>
	        <if test="params.startUserId != '' and params.startUserId != null">
	            AND N.NAME = #{params.startUserId}
	        </if>
			<if test="params.bDate != '' and params.bDate != null">
				AND to_date(to_char(C.HANDLE_TIME,'yyyy-MM-dd'),'yyyy-MM-dd') &gt;=  to_date(#{params.bDate},'yyyy-MM-dd')
			</if>
			<if test="params.eDate != '' and params.eDate != null">
				AND to_date(to_char(C.HANDLE_TIME,'yyyy-MM-dd'),'yyyy-MM-dd') &lt;=  to_date(#{params.eDate},'yyyy-MM-dd')
			</if>
			 	AND C.APP_NO IS NOT NULL 
	) 
	<choose>
	    <when test="conditions == null">
	    	ORDER BY HANDLE_TIME DESC
	    </when>
	    <otherwise>
	         order by  ${conditions.order}
	    </otherwise>
	</choose>
  </select>
  <select id="findGridHandleByPage" parameterType="com.vms.model.Page" resultMap="BaseResultMap">
  select * from (
	 SELECT M.*,J.Group_Id_ FROM　( SELECT #{params.userId} AS userId,
	   '1' AS REV_,
       N.NAME AS  startUserId,
       A.PROC_INST_ID_,
       C.APP_NO,
       D.NAME_          AS PNAME,
       A.NAME_          AS TASKNAME,
       B.BUSINESS_KEY_,
       C.PS_ORG_NO,
       E.NAME           AS ORGNAME,
       C.ID,
       C.CONS_ID,
       C.CUST_ID,
       C.CONS_NO,
       C.CONS_NAME,
       C.CONS_SORT_CODE,
       C.APP_TYPE_CODE,
       C.HANDLE_TIME,
       C.INFO_ARC_DATE,
       C.REASON         AS REASON,
       B.SUSPENSION_STATE_    AS suspensionState,
       V.LAST_COMP_TIME,
       V.TASK_STATUS,
       A.id_              AS TASKID,
       A.task_def_key_    AS taskDefKey,
       A.assignee_        AS assignee,
       C.app_id           AS appId,
       B.proc_def_id_     AS procDefId
  FROM ACT_RU_TASK A
  LEFT JOIN T_RUN_ACT_TIME V
    ON A.id_ = V.TASK_ID
  LEFT JOIN ACT_RU_EXECUTION B
    ON A.PROC_INST_ID_ = B.PROC_INST_ID_
  LEFT JOIN S_APP C
    ON B.BUSINESS_KEY_ = C.ID
  LEFT JOIN ACT_RE_PROCDEF D
    ON A.PROC_DEF_ID_ = D.ID_
  LEFT JOIN T_SYS_ORGANIZATION E
    ON C.PS_ORG_NO = E.ID
  LEFT JOIN ACT_HI_PROCINST F
    ON A.PROC_INST_ID_ = F.PROC_INST_ID_
  LEFT JOIN C_CONS H
    ON C.CONS_NO = H.CONS_NO
  LEFT JOIN T_SYS_USER I
    ON A.ASSIGNEE_ = I.ID
  LEFT JOIN T_SYS_USER N
    ON F.START_USER_ID_ = N.ID
   	WHERE C.APP_NO IS NOT NULL 
      AND D.NAME_ NOT IN ('AppDCCInstall','AppDCUInstall','AppGatewayMeterInstall','AppMeterInstall')   
   		<if test="params.psOrgNo != '' and params.psOrgNo != null">
			AND E.ID = #{params.psOrgNo}
		</if>
   		<if test="params.appNo != '' and params.appNo != null">
			AND C.APP_NO = #{params.appNo} 
		</if>
		<if test="params.pname != '' and params.pname != null">
			AND D.NAME_ LIKE concat(concat('%',#{params.pname}),'%') escape '/'
		</if>
		<if test="params.name != '' and params.name != null">
			AND A.NAME_ LIKE concat(concat('%',#{params.name}),'%') escape '/'
		</if>
		<if test="params.procDefId != '' and params.procDefId != null">
			AND D.ID_ =  #{params.procDefId}
		</if>
		<if test="params.procInstId != '' and params.procInstId != null">
			AND A.PROC_INST_ID_ =  #{params.procInstId} 
		</if>
		<if test="params.taskDefKey != '' and params.taskDefKey != null">
			AND A.TASK_DEF_KEY_ = #{params.taskDefKey}
		</if>
		<if test="params.consName != '' and params.consName != null">
			AND C.CONS_NAME  LIKE concat(concat('%',#{params.consName}),'%') escape '/' 
		</if>
		<if test="params.id != '' and params.id != null">
			AND C.ID = #{params.id}
		</if>
		<if test="params.suspensionState != '' and params.suspensionState != null">
			AND B.SUSPENSION_STATE_ = #{params.suspensionState}
		</if>
        <if test="params.userId != '' and params.userId != null">
            AND I.ID = #{params.userId}
        </if>
        <if test="params.startUserId != '' and params.startUserId != null">
            AND N.NAME = #{params.startUserId}
        </if>
		<if test="params.bDate != '' and params.bDate != null">
			AND to_date(to_char(C.HANDLE_TIME,'yyyy-MM-dd'),'yyyy-MM-dd') &gt;=  to_date(#{params.bDate},'yyyy-MM-dd')
		</if>
		<if test="params.eDate != '' and params.eDate != null">
			AND to_date(to_char(C.HANDLE_TIME,'yyyy-MM-dd'),'yyyy-MM-dd') &lt;=  to_date(#{params.eDate},'yyyy-MM-dd')
		</if>
		<if test="params.flowType != '' and params.flowType != null">
			AND V.FLOW_TYPE = #{params.flowType} 
		</if>
		<if test="params.taskStatus != '' and params.taskStatus != null">
			AND V.TASK_STATUS = #{params.taskStatus} 
		</if>
		) M
	  LEFT JOIN act_ru_identitylink J 
	  ON J.TASK_ID_ = M.TASKID
	UNION
		SELECT #{params.userId} AS userId,
		   '2' AS REV_,
	       N.NAME AS  startUserId,
	       A.PROC_INST_ID_,
	       C.APP_NO,
	       D.NAME_          AS PNAME,
	       A.NAME_          AS TASKNAME,
	       B.BUSINESS_KEY_,
	       C.PS_ORG_NO,
	       E.NAME           AS ORGNAME,
	       C.ID,
	       C.CONS_ID,
	       C.CUST_ID,
	       C.CONS_NO,
	       C.CONS_NAME,
	       C.CONS_SORT_CODE,
	       C.APP_TYPE_CODE,
	       C.HANDLE_TIME,
	       C.INFO_ARC_DATE,
	       C.REASON         AS REASON,
	       B.SUSPENSION_STATE_           AS suspensionState,
	       V.LAST_COMP_TIME,
           V.TASK_STATUS,
	       A.id_              AS TASKID,
	       A.task_def_key_    AS taskDefKey,
	       A.assignee_        AS assignee,
	       C.app_id           AS appId,
	       B.proc_def_id_     AS procDefId,
	       K.GROUP_ID_
	  FROM ACT_RU_TASK A
	  LEFT JOIN T_RUN_ACT_TIME V
      ON A.id_ = V.TASK_ID
	  LEFT JOIN ACT_RU_EXECUTION B
	    ON A.PROC_INST_ID_ = B.PROC_INST_ID_
	  LEFT JOIN S_APP C
	    ON B.BUSINESS_KEY_ = C.ID
	  LEFT JOIN ACT_RE_PROCDEF D
	    ON A.PROC_DEF_ID_ = D.ID_
	  LEFT JOIN act_ru_identitylink K
    	ON A.Id_ = K.Task_Id_
	  LEFT JOIN T_SYS_ORGANIZATION E
	    ON C.PS_ORG_NO = E.ID
	  LEFT JOIN ACT_HI_PROCINST F
	    ON A.PROC_INST_ID_ = F.PROC_INST_ID_
	  LEFT JOIN C_CONS H
	    ON C.CONS_NO = H.CONS_NO
	  LEFT JOIN T_SYS_USER I
      	ON K.GROUP_ID_ = I.Organization_Id
	  LEFT JOIN T_SYS_USER N
	    ON F.START_USER_ID_ = N.ID
	   	WHERE A.assignee_ is null
	  	  AND D.NAME_ NOT IN ('AppDCCInstall','AppDCUInstall','AppGatewayMeterInstall','AppMeterInstall')
	   		<if test="params.psOrgNo != '' and params.psOrgNo != null">
				AND E.ID = #{params.psOrgNo}
			</if>
	   		<if test="params.appNo != '' and params.appNo != null">
				AND C.APP_NO = #{params.appNo} 
			</if>
			<if test="params.pname != '' and params.pname != null">
				AND D.NAME_ LIKE concat(concat('%',#{params.pname}),'%')  escape '/'
			</if>
			<if test="params.name != '' and params.name != null">
				AND A.NAME_ LIKE concat(concat('%',#{params.name}),'%')  escape '/'
			</if>
			<if test="params.procDefId != '' and params.procDefId != null">
				AND D.ID_ =  #{params.procDefId}
			</if>
			<if test="params.procInstId != '' and params.procInstId != null">
				AND A.PROC_INST_ID_ =  #{params.procInstId} 
			</if>
			<if test="params.taskDefKey != '' and params.taskDefKey != null">
				AND A.TASK_DEF_KEY_ = #{params.taskDefKey}
			</if>
			<if test="params.consName != '' and params.consName != null">
				AND C.CONS_NAME LIKE concat(concat('%',#{params.consName}),'%') escape '/' 
			</if>
			<if test="params.id != '' and params.id != null">
				AND C.ID = #{params.id}
			</if>
			<if test="params.suspensionState != '' and params.suspensionState != null">
				AND B.SUSPENSION_STATE_ = #{params.suspensionState}
			</if>
	        <if test="params.userId != '' and params.userId != null">
	            AND I.ID = #{params.userId}
	        </if>
	        <if test="params.startUserId != '' and params.startUserId != null">
	            AND N.NAME = #{params.startUserId}
	        </if>
			<if test="params.bDate != '' and params.bDate != null">
				AND to_date(to_char(C.HANDLE_TIME,'yyyy-MM-dd'),'yyyy-MM-dd') &gt;=  to_date(#{params.bDate},'yyyy-MM-dd')
			</if>
			<if test="params.eDate != '' and params.eDate != null">
				AND to_date(to_char(C.HANDLE_TIME,'yyyy-MM-dd'),'yyyy-MM-dd') &lt;=  to_date(#{params.eDate},'yyyy-MM-dd')
			</if>
			<if test="params.flowType != '' and params.flowType != null">
				AND V.FLOW_TYPE = #{params.flowType} 
			</if>
			<if test="params.taskStatus != '' and params.taskStatus != null">
				AND V.TASK_STATUS = #{params.taskStatus} 
			</if>
			 	AND C.APP_NO IS NOT NULL 
	) 
	<choose>
	    <when test="conditions == null">
	     	ORDER BY assignee asc, HANDLE_TIME DESC ,LAST_COMP_TIME DESC
	    </when>
	    <otherwise>
	         order by  ${conditions.order}
	    </otherwise>
	</choose>
  </select>
  <!-- 以归档 -->
  <select id="findFileByPage" parameterType="com.vms.model.Page" resultMap="BaseResultMap">
  select * from (
	SELECT ''  AS USERID,
       N.NAME AS  STARTUSERID,
       N.LOGINNAME AS LOGINNAME,
       B.PROC_INST_ID_,
       C.APP_NO,
       D.NAME_          AS PNAME,
       B.BUSINESS_KEY_,
       C.PS_ORG_NO,
       E.NAME           AS ORGNAME,
       C.ID,
       C.CONS_ID,
       C.CUST_ID,
       C.CONS_NO,
       C.CONS_NAME,
       C.CONS_SORT_CODE,
       C.APP_TYPE_CODE,
       C.HANDLE_TIME,
       C.INFO_ARC_DATE,
       C.REASON         AS REASON,
       D.SUSPENSION_STATE_           AS suspensionState,
       D.ID_   AS   procDefId,
       D.name_   AS   TASKNAME,
       '2'       AS applyState,
       C.status AS taskStatus
  FROM ACT_HI_PROCINST B
  LEFT JOIN ARC_S_APP C
    ON B.BUSINESS_KEY_ = C.ID
  LEFT JOIN ACT_RE_PROCDEF D
    ON B.PROC_DEF_ID_ = D.ID_
  LEFT JOIN T_SYS_ORGANIZATION E
    ON C.PS_ORG_NO = E.ID
  LEFT JOIN ACT_HI_PROCINST F
    ON B.PROC_INST_ID_ = F.PROC_INST_ID_
  LEFT JOIN C_CONS H
    ON C.CONS_NO = H.CONS_NO
  LEFT JOIN T_SYS_USER N
    ON F.START_USER_ID_ = N.ID
   	<where>
        1=1
   		<if test="params.psOrgNo != '' and params.psOrgNo != null">
			AND E.ID = #{params.psOrgNo}
		</if>
   		<if test="params.appNo != '' and params.appNo != null">
			AND C.APP_NO = #{params.appNo} 
		</if>
		<if test="params.pname != '' and params.pname != null">
			AND D.NAME_ LIKE concat(concat('%',#{params.pname}),'%') escape '/'
		</if>
		<if test="params.procDefId != '' and params.procDefId != null">
			AND D.ID_ =  #{params.procDefId}
		</if>
		<if test="params.procInstId != '' and params.procInstId != null">
			AND B.PROC_INST_ID_ =  #{params.procInstId}
		</if>
		<if test="params.consName != '' and params.consName != null">
			AND C.CONS_NAME   LIKE concat(concat('%',#{params.consName}),'%') escape '/' 
		</if>
		<if test="params.id != '' and params.id != null">
			AND C.ID = #{params.id}
		</if>
		<if test="params.suspensionState != '' and params.suspensionState != null">
			AND D.SUSPENSION_STATE_ = #{params.suspensionState}
		</if>		
        <if test="params.startUserId != '' and params.startUserId != null">
            AND N.NAME  LIKE concat(concat('%',#{params.startUserId}),'%') escape '/' 
        </if>
		<if test="params.bDate != '' and params.bDate != null">
			AND to_date(to_char(C.HANDLE_TIME,'yyyy-MM-dd'),'yyyy-MM-dd') &gt;=  to_date(#{params.bDate},'yyyy-MM-dd')
		</if>
		<if test="params.eDate != '' and params.eDate != null">
			AND to_date(to_char(C.HANDLE_TIME,'yyyy-MM-dd'),'yyyy-MM-dd') &lt;=  to_date(#{params.eDate},'yyyy-MM-dd')
		</if>
	</where>
	<choose>
	    <when test="conditions == null">
	    	ORDER BY C.APP_NO,C.INFO_ARC_DATE DESC   
	    </when>
	    <otherwise>
	         order by  ${conditions.order}
	    </otherwise>
	</choose>
) cc
<where>
        1=1
         <if test="params.userId != '' and params.userId != null">
            AND cc.USERID = #{params.userId}
        </if>
        </where>
  </select>
  

  <select id="findTaskinstByPage" parameterType="com.vms.model.Page" resultMap="BaseResultMap">
	 select * from (
	 SELECT C.NAME    AS ASSIGNEE,
	        D.NAME       AS OWNER,
	        B.NAME_      AS PNAME,
	        A.NAME_,
	        A.PROC_DEF_ID_,
	        A.TASK_DEF_KEY_,
	        A.PROC_INST_ID_,
	        A.EXECUTION_ID_,
	        A.START_TIME_,
	        A.END_TIME_,
	        A.DURATION_,
	        A.DELETE_REASON_
	   FROM ACT_HI_TASKINST A
	   LEFT JOIN ACT_RE_PROCDEF B ON A.PROC_DEF_ID_ = B.ID_
	   LEFT JOIN T_SYS_USER C ON A.ASSIGNEE_ = C.ID
	   LEFT JOIN T_SYS_USER D ON A.OWNER_ = D.ID 
	   where 1=1   
	<if test="params.procInstId != '' and params.procInstId != null">
		AND A.PROC_INST_ID_ = #{params.procInstId} 
	</if>
	union 
	select d.name ASSIGNEE,--受理人
	         '' OWNER,
	         cast('PNAME_' || a.busi_type_code as nvarchar2(255)) PNAME,--故障报修、投诉、咨询
	         cast('NAME_1' as nvarchar2(255)) name_,--受理中
	         cast('' as nvarchar2(64))  PROC_DEF_ID_,
	         cast('' as nvarchar2(255)) TASK_DEF_KEY_,
	         cast('' as nvarchar2(64)) PROC_INST_ID_,
	         cast('' as nvarchar2(64)) EXECUTION_ID_,
	         a.accept_time START_TIME_,
	         case nvl(b.dispach_time,to_date('2000-01-01', 'yyyy-mm-dd')) when to_date('2000-01-01', 'yyyy-mm-dd') then a.accept_time else b.dispach_time end END_TIME_,
	         0 DURATION_,
	         cast('' as nvarchar2(2000)) DELETE_REASON_ 
	   from s_95598_wkst a 
	  left join (
	            select a.*,b.name orgname,c.name empname 
	                      from s_fault_handle a  
	                      left join t_sys_organization b on a.handle_org_no=b.org_no and b.type=1  
	                      left join t_sys_user c on a.handle_emp_no=c.id 
	            ) b on a.app_no=b.app_no 
	  left join s_retvisit_rslt c on a.app_no=c.app_no 
	  left join t_sys_user d on a.accept_emp_no=d.id  
	  where 1=1 
	  <if test="params.appNo != '' and params.appNo != null">
			AND a.app_no = #{params.appNo} 
	  </if>
	  union 
	  select b.empname ASSIGNEE,--处理人
	         '' OWNER,
	         cast('PNAME_' || a.busi_type_code as nvarchar2(255)) PNAME,--故障报修、投诉、咨询
	         cast('NAME_2' as nvarchar2(255)) name_,--处理中
	         cast('' as nvarchar2(64))  PROC_DEF_ID_,
	         cast('' as nvarchar2(255)) TASK_DEF_KEY_,
	         cast('' as nvarchar2(64)) PROC_INST_ID_,
	         cast('' as nvarchar2(64)) EXECUTION_ID_,
	         b.dispach_time START_TIME_,
	         case nvl(b.handle_time,to_date('2000-01-01', 'yyyy-mm-dd')) when to_date('2000-01-01', 'yyyy-mm-dd') then b.dispach_time else b.handle_time end END_TIME_,
	         0 DURATION_,
	         cast('' as nvarchar2(2000)) DELETE_REASON_ 
	   from s_95598_wkst a 
	  left join (
	            select a.*,b.name orgname,c.name empname 
	                      from s_fault_handle a  
	                      left join t_sys_organization b on a.handle_org_no=b.org_no and b.type=1  
	                      left join t_sys_user c on a.handle_emp_no=c.id 
	            ) b on a.app_no=b.app_no 
	  left join s_retvisit_rslt c on a.app_no=c.app_no 
	  left join t_sys_user d on a.accept_emp_no=d.id  
	  where 1=1 and b.dispach_time is not null
	  <if test="params.appNo != '' and params.appNo != null">
			AND a.app_no = #{params.appNo} 
	  </if>
	 union 
	 select d.name ASSIGNEE,--回访人
	         '' OWNER,
	         cast('PNAME_' || a.busi_type_code as nvarchar2(255)) PNAME,--故障报修、投诉、咨询
	         cast('NAME_3' as nvarchar2(255)) name_,--已归档
	         cast('' as nvarchar2(64))  PROC_DEF_ID_,
	         cast('' as nvarchar2(255)) TASK_DEF_KEY_,
	         cast('' as nvarchar2(64)) PROC_INST_ID_,
	         cast('' as nvarchar2(64)) EXECUTION_ID_,
	         c.ret_visit_time START_TIME_,
	         c.ret_visit_time END_TIME_,
	         0 DURATION_,
	         cast('' as nvarchar2(2000)) DELETE_REASON_ 
	   from s_95598_wkst a 
	  left join (
	            select a.*,b.name orgname,c.name empname 
	                      from s_fault_handle a  
	                      left join t_sys_organization b on a.handle_org_no=b.org_no and b.type=1  
	                      left join t_sys_user c on a.handle_emp_no=c.id 
	            ) b on a.app_no=b.app_no 
	  left join s_retvisit_rslt c on a.app_no=c.app_no 
	  left join t_sys_user d on a.accept_emp_no=d.id  
	  where 1=1 and b.dispach_time is not null and c.ret_visit_time is not null
	  <if test="params.appNo != '' and params.appNo != null">
			AND a.app_no = #{params.appNo} 
	  </if>
	) a
	<choose>
		    <when test="conditions == null">
		    	ORDER BY START_TIME_ DESC  
		    </when>
		    <otherwise>
		         order by  ${conditions.order}
		    </otherwise>
		</choose>
  </select>

  <select id="quaryPnameByPage" parameterType="com.vms.activiti.model.ActHiTaskinst" resultMap="BaseResultMap">
	    SELECT distinct NAME_ AS PNAME FROM ACT_RE_PROCDEF WHERE NAME_ IS NOT NULL ORDER BY NAME_ ASC
  </select>
  
  <select id="quaryName" parameterType="com.vms.activiti.model.ActHiTaskinst" resultMap="BaseResultMap">
	   select distinct A.name_ from ACT_RU_TASK A,ACT_RE_PROCDEF B
	 <where>
	 	A.PROC_DEF_ID_ = B.ID_
		<if test="pname != '' and pname != null">
			AND B.NAME_ = #{pname}
		</if>
	</where>
  </select>
  <select id="quaryFlowVersion" parameterType="com.vms.activiti.model.ActHiTaskinst" resultMap="BaseResultMap">
	select id_ from (select a.*, rownum as rn from ACT_RE_PROCDEF a
		<if test="pname != '' and pname != null">
			where a.NAME_ = #{pname}
		</if>
	 order by a.Version_ ) where rn = 1 
  </select>
<!-- 申请中，未归档  首页Top5 -->
  <select id="findTop5" parameterType="com.vms.model.Page" resultMap="BaseResultMap">
	 SELECT distinct I.NAME  AS userId,
       N.NAME AS  startUserId,
       A.PROC_INST_ID_,
       C.APP_NO,
       D.NAME_          AS PNAME,
       A.NAME_          AS TASKNAME,
       B.BUSINESS_KEY_,
       C.PS_ORG_NO,
       E.NAME           AS ORGNAME,
       C.ID,
       C.CONS_ID,
       C.CUST_ID,
       C.CONS_NO,
       C.CONS_NAME,
       C.CONS_SORT_CODE,
       C.APP_TYPE_CODE,
       C.HANDLE_TIME,
       C.INFO_ARC_DATE,
       B.SUSPENSION_STATE_           AS suspensionState,
       A.id_              AS TASKID,
       A.task_def_key_    AS taskDefKey,
       A.assignee_        AS assignee,
       C.app_id           AS appId,
       B.proc_def_id_     AS procDefId
  FROM ACT_RU_TASK A
  LEFT JOIN ACT_RU_EXECUTION B
    ON A.PROC_INST_ID_ = B.PROC_INST_ID_
  LEFT JOIN S_APP C
    ON B.BUSINESS_KEY_ = C.ID
  LEFT JOIN ACT_RE_PROCDEF D
    ON A.PROC_DEF_ID_ = D.ID_
  LEFT JOIN T_SYS_ORGANIZATION E
    ON C.PS_ORG_NO = E.ID
  LEFT JOIN ACT_HI_PROCINST F
    ON A.PROC_INST_ID_ = F.PROC_INST_ID_
  LEFT JOIN C_CONS H
    ON C.CONS_NO = H.CONS_NO
  LEFT JOIN T_SYS_USER I
    ON A.ASSIGNEE_ = I.ID
  LEFT JOIN T_SYS_USER N
    ON F.START_USER_ID_ = N.ID
   	<where>
        1=1
   		<if test="params.psOrgNo != '' and params.psOrgNo != null">
			AND E.ID = #{params.psOrgNo}
		</if>
   		<if test="params.appNo != '' and params.appNo != null">
			AND C.APP_NO = #{params.appNo} 
		</if>
		<if test="params.pname != '' and params.pname != null">
			AND D.NAME_ LIKE concat(concat('%',#{params.pname}),'%')  escape '/'
		</if>
		<if test="params.name != '' and params.name != null">
			AND A.NAME_ LIKE concat(concat('%',#{params.name}),'%')  escape '/'
		</if>
		<if test="params.procDefId != '' and params.procDefId != null">
			AND D.ID_ =  #{params.procDefId}
		</if>
		<if test="params.procInstId != '' and params.procInstId != null">
			AND A.PROC_INST_ID_ =  #{params.procInstId} 
		</if>
		<if test="params.taskDefKey != '' and params.taskDefKey != null">
			AND A.TASK_DEF_KEY_ = #{params.taskDefKey}
		</if>
		<if test="params.consName != '' and params.consName != null">
			AND C.CONS_NAME    LIKE concat(concat('%',#{params.consName}),'%') escape '/' 
		</if>
		<if test="params.id != '' and params.id != null">
			AND C.ID = #{params.id}
		</if>
		<if test="params.suspensionState != '' and params.suspensionState != null">
			AND B.SUSPENSION_STATE_ = #{params.suspensionState}
		</if>
        <if test="params.userId != '' and params.userId != null">
            AND I.ID = #{params.userId}
        </if>
        <if test="params.startUserId != '' and params.startUserId != null">
            AND N.NAME  LIKE concat(concat('%',#{params.startUserId}),'%') escape '/' 
        </if>
		<if test="params.bDate != '' and params.bDate != null">
			AND to_date(to_char(C.HANDLE_TIME,'yyyy-MM-dd'),'yyyy-MM-dd') &gt;=  to_date(#{params.bDate},'yyyy-MM-dd')
		</if>
		<if test="params.eDate != '' and params.eDate != null">
			AND to_date(to_char(C.HANDLE_TIME,'yyyy-MM-dd'),'yyyy-MM-dd') &lt;=  to_date(#{params.eDate},'yyyy-MM-dd')
		</if>
		 	AND C.APP_NO IS NOT NULL 
	</where>
	    	ORDER BY C.HANDLE_TIME DESC
  </select>
  
  
  <!-- 申请中，未归档  首页 taskCount -->
  <select id="findTaskCount" parameterType="java.util.Map" resultType="java.lang.Integer">
	 SELECT count(1)
  FROM ACT_RU_TASK A
  LEFT JOIN ACT_RU_EXECUTION B
    ON A.PROC_INST_ID_ = B.PROC_INST_ID_
  LEFT JOIN S_APP C
    ON B.BUSINESS_KEY_ = C.ID
  LEFT JOIN ACT_RE_PROCDEF D
    ON A.PROC_DEF_ID_ = D.ID_
  LEFT JOIN T_SYS_ORGANIZATION E
    ON C.PS_ORG_NO = E.ID
  LEFT JOIN ACT_HI_PROCINST F
    ON A.PROC_INST_ID_ = F.PROC_INST_ID_
  LEFT JOIN C_CONS H
    ON C.CONS_NO = H.CONS_NO
  LEFT JOIN T_SYS_USER I
    ON A.ASSIGNEE_ = I.ID
  LEFT JOIN T_SYS_USER N
    ON F.START_USER_ID_ = N.ID
    where
        1=1
			AND D.NAME_ in ${ nameList }
			AND I.NAME LIKE  concat(concat('%',#{userId}),'%') escape '/' 
			AND B.SUSPENSION_STATE_ = '1'
		 	AND C.APP_NO IS NOT NULL 
	    	ORDER BY C.HANDLE_TIME DESC
  </select>
  
  <!-- 申请中，未归档  首页 taskCount -->
  <select id="findTaskCountAll" parameterType="java.util.Map" resultType="java.lang.Integer">
	 SELECT count(1)
  FROM ACT_RU_TASK A
  LEFT JOIN ACT_RU_EXECUTION B
    ON A.PROC_INST_ID_ = B.PROC_INST_ID_
  LEFT JOIN S_APP C
    ON B.BUSINESS_KEY_ = C.ID
  LEFT JOIN ACT_RE_PROCDEF D
    ON A.PROC_DEF_ID_ = D.ID_
  LEFT JOIN T_SYS_ORGANIZATION E
    ON C.PS_ORG_NO = E.ID
  LEFT JOIN ACT_HI_PROCINST F
    ON A.PROC_INST_ID_ = F.PROC_INST_ID_
  LEFT JOIN C_CONS H
    ON C.CONS_NO = H.CONS_NO
  LEFT JOIN T_SYS_USER I
    ON A.ASSIGNEE_ = I.ID
  LEFT JOIN T_SYS_USER N
    ON F.START_USER_ID_ = N.ID
    where
        1=1
			AND I.NAME LIKE  concat(concat('%',#{userId}),'%') escape '/' 
			AND B.SUSPENSION_STATE_ = '1'
		 	AND C.APP_NO IS NOT NULL 
	    	ORDER BY C.HANDLE_TIME DESC
  </select>
  
  <!-- 分批申请中，未归档 -->
  <select id="findActHiTasksByPage" parameterType="java.util.Map" resultMap="BaseResultMap">
	 SELECT M.* FROM   
			(SELECT U.*,ROWNUM RN FROM (SELECT distinct I.ID  AS userId,
		       N.NAME AS  startUserId,
		       A.PROC_INST_ID_,
		       C.APP_NO,
		       D.NAME_          AS PNAME,
		       A.NAME_          AS TASKNAME,
		       B.BUSINESS_KEY_,
		       C.PS_ORG_NO,
		       E.NAME           AS ORGNAME,
		       C.ID,
		       C.CONS_ID,
		       C.CUST_ID,
		       C.CONS_NO,
		       C.CONS_NAME,
		       C.CONS_SORT_CODE,
		       C.APP_TYPE_CODE,
		       A.CREATE_TIME_   AS HANDLE_TIME,
		       C.INFO_ARC_DATE,
		       C.REASON         AS REASON,
		       B.SUSPENSION_STATE_           AS suspensionState,
		       A.id_              AS TASKID,
		       A.task_def_key_    AS taskDefKey,
		       A.assignee_        AS assignee,
		       C.app_id           AS appId,
		       B.proc_def_id_     AS procDefId
		  FROM ACT_RU_TASK A
		  LEFT JOIN ACT_RU_EXECUTION B
		    ON A.PROC_INST_ID_ = B.PROC_INST_ID_
		  LEFT JOIN S_APP C
		    ON B.BUSINESS_KEY_ = C.ID
		  LEFT JOIN ACT_RE_PROCDEF D
		    ON A.PROC_DEF_ID_ = D.ID_
		  LEFT JOIN T_SYS_ORGANIZATION E
		    ON C.PS_ORG_NO = E.ID
		  LEFT JOIN ACT_HI_PROCINST F
		    ON A.PROC_INST_ID_ = F.PROC_INST_ID_
		  LEFT JOIN C_CONS H
		    ON C.CONS_NO = H.CONS_NO
		  LEFT JOIN T_SYS_USER I
		    ON A.ASSIGNEE_ = I.ID
		  LEFT JOIN T_SYS_USER N
		    ON F.START_USER_ID_ = N.ID
		  WHERE  C.APP_NO IS NOT NULL
		  <if test="userId != '' and userId != null">
            AND I.ID =  #{userId}
       	  </if>
		  	AND B.SUSPENSION_STATE_ = '1' ) U
			    WHERE #{END_INDEX} >= ROWNUM
			) M 
	   WHERE RN > #{START_INDEX}
  </select>
  <!-- 分批申请中，未归档 -->
  <select id="findGridTaskByBatch" parameterType="com.vms.model.Page" resultMap="BaseResultMap">
	  SELECT P.* FROM   
	      (SELECT U.*,ROWNUM RN FROM ( select * from (
	   SELECT M.*,J.Group_Id_ FROM　( SELECT 
	     '1' AS REV_,
	       N.NAME AS  startUserId,
	       I.ID  AS userId,
	       A.PROC_INST_ID_,
	       C.APP_NO,
	       D.NAME_          AS PNAME,
	       A.NAME_          AS TASKNAME,
	       B.BUSINESS_KEY_,
	       C.PS_ORG_NO,
	       E.NAME           AS ORGNAME,
	       C.ID,
	       C.CONS_ID,
	       C.CUST_ID,
	       C.CONS_NO,
	       C.CONS_NAME,
	       C.CONS_SORT_CODE,
	       C.APP_TYPE_CODE,
	       C.HANDLE_TIME,
	       C.INFO_ARC_DATE,
	       C.REASON         AS REASON,
	       B.SUSPENSION_STATE_    AS suspensionState,
	       A.id_              AS TASKID,
	       A.task_def_key_    AS taskDefKey,
	       A.assignee_        AS assignee,
	       C.app_id           AS appId,
	       B.proc_def_id_     AS procDefId
	  FROM ACT_RU_TASK A
	  LEFT JOIN ACT_RU_EXECUTION B
	    ON A.PROC_INST_ID_ = B.PROC_INST_ID_
	  LEFT JOIN S_APP C
	    ON B.BUSINESS_KEY_ = C.ID
	  LEFT JOIN ACT_RE_PROCDEF D
	    ON A.PROC_DEF_ID_ = D.ID_
	  LEFT JOIN T_SYS_ORGANIZATION E
	    ON C.PS_ORG_NO = E.ID
	  LEFT JOIN ACT_HI_PROCINST F
	    ON A.PROC_INST_ID_ = F.PROC_INST_ID_
	  LEFT JOIN C_CONS H
	    ON C.CONS_NO = H.CONS_NO
	  LEFT JOIN T_SYS_USER I
	    ON A.ASSIGNEE_ = I.ID
	  LEFT JOIN T_SYS_USER N
	    ON F.START_USER_ID_ = N.ID
	    WHERE
	        C.APP_NO IS NOT NULL 
	      AND B.SUSPENSION_STATE_ = '1'
	      <if test="userId != '' and userId != null">
            AND I.ID =  #{userId}
       	  </if>
	       ) M
	    LEFT JOIN act_ru_identitylink J 
	    ON J.TASK_ID_ = M.TASKID
	  UNION
	    SELECT 
	       '2' AS REV_,
	         N.NAME AS  startUserId,
	         I.ID  AS userId,
	         A.PROC_INST_ID_,
	         C.APP_NO,
	         D.NAME_          AS PNAME,
	         A.NAME_          AS TASKNAME,
	         B.BUSINESS_KEY_,
	         C.PS_ORG_NO,
	         E.NAME           AS ORGNAME,
	         C.ID,
	         C.CONS_ID,
	         C.CUST_ID,
	         C.CONS_NO,
	         C.CONS_NAME,
	         C.CONS_SORT_CODE,
	         C.APP_TYPE_CODE,
	         C.HANDLE_TIME,
	         C.INFO_ARC_DATE,
	         C.REASON         AS REASON,
	         B.SUSPENSION_STATE_           AS suspensionState,
	         A.id_              AS TASKID,
	         A.task_def_key_    AS taskDefKey,
	         A.assignee_        AS assignee,
	         C.app_id           AS appId,
	         B.proc_def_id_     AS procDefId,
	         K.GROUP_ID_
	    FROM ACT_RU_TASK A
	    LEFT JOIN ACT_RU_EXECUTION B
	      ON A.PROC_INST_ID_ = B.PROC_INST_ID_
	    LEFT JOIN S_APP C
	      ON B.BUSINESS_KEY_ = C.ID
	    LEFT JOIN ACT_RE_PROCDEF D
	      ON A.PROC_DEF_ID_ = D.ID_
	    LEFT JOIN act_ru_identitylink K
	      ON A.Id_ = K.Task_Id_
	    LEFT JOIN T_SYS_ORGANIZATION E
	      ON C.PS_ORG_NO = E.ID
	    LEFT JOIN ACT_HI_PROCINST F
	      ON A.PROC_INST_ID_ = F.PROC_INST_ID_
	    LEFT JOIN C_CONS H
	      ON C.CONS_NO = H.CONS_NO
	    LEFT JOIN T_SYS_USER I
	        ON K.GROUP_ID_ = I.Organization_Id
	    LEFT JOIN T_SYS_USER N
	      ON F.START_USER_ID_ = N.ID
	      WHERE A.assignee_ is null
	      AND B.SUSPENSION_STATE_ = '1'
	      <if test="userId != '' and userId != null">
            AND I.ID =  #{userId}
       	  </if>
	        AND C.APP_NO IS NOT NULL 
	  )) U WHERE #{END_INDEX} >= ROWNUM
	) P 
	WHERE RN > #{START_INDEX}
  </select>
  
  <select id="findTaskinstByTaskKeyAndId" parameterType="java.lang.String" resultMap="BaseResultMap">
	SELECT C.NAME    AS ASSIGNEE,
			C.LOGINNAME AS LOGINNAME,
	        D.NAME       AS OWNER,
	        B.NAME_      AS PNAME,
	        A.NAME_,
	        A.PROC_DEF_ID_,
	        A.TASK_DEF_KEY_,
	        A.PROC_INST_ID_,
	        A.EXECUTION_ID_,
	        A.START_TIME_,
	        A.END_TIME_,
	        A.DURATION_,
	        A.DELETE_REASON_
	   FROM ACT_HI_TASKINST A
	   LEFT JOIN ACT_RE_PROCDEF B
	     ON A.PROC_DEF_ID_ = B.ID_
	   LEFT JOIN T_SYS_USER C
	     ON A.ASSIGNEE_ = C.ID
	   LEFT JOIN T_SYS_USER D
	     ON A.OWNER_ = D.ID
	   where A.PROC_INST_ID_ = #{procInstId}
		order by  a.START_TIME_
  </select>
  
  <!-- 申请中，未归档 -->
  <select id="findgActHiTaskinstForApp" parameterType="com.vms.activiti.model.ActHiTaskinst" resultMap="BaseResultMap">
	 SELECT I.NAME  AS userId,
       N.NAME AS  startUserId,
       A.PROC_INST_ID_,
       C.APP_NO,
       D.NAME_          AS PNAME,
       A.NAME_          AS TASKNAME,
       B.BUSINESS_KEY_,
       C.PS_ORG_NO,
       E.NAME           AS ORGNAME,
       C.ID,
       C.CONS_ID,
       C.CUST_ID,
       C.CONS_NO,
       C.CONS_NAME,
       C.CONS_SORT_CODE,
       C.APP_TYPE_CODE,
       C.HANDLE_TIME,
       C.INFO_ARC_DATE,
       C.REASON         AS REASON,
       B.SUSPENSION_STATE_           AS suspensionState,
       A.id_              AS TASKID,
       A.task_def_key_    AS taskDefKey,
       A.assignee_        AS assignee,
       C.app_id           AS appId,
       B.proc_def_id_     AS procDefId
  FROM ACT_RU_TASK A
  LEFT JOIN ACT_RU_EXECUTION B
    ON A.PROC_INST_ID_ = B.PROC_INST_ID_
  LEFT JOIN S_APP C
    ON B.BUSINESS_KEY_ = C.ID
  LEFT JOIN ACT_RE_PROCDEF D
    ON A.PROC_DEF_ID_ = D.ID_
  LEFT JOIN T_SYS_ORGANIZATION E
    ON C.PS_ORG_NO = E.ID
  LEFT JOIN ACT_HI_PROCINST F
    ON A.PROC_INST_ID_ = F.PROC_INST_ID_
  LEFT JOIN C_CONS H
    ON C.CONS_NO = H.CONS_NO
  LEFT JOIN T_SYS_USER I
    ON A.ASSIGNEE_ = I.ID
  LEFT JOIN T_SYS_USER N
    ON F.START_USER_ID_ = N.ID
   	<where>
        1=1
   		<if test="psOrgNo != '' and psOrgNo != null">
			AND E.ID = #{psOrgNo}
		</if>
   		<if test="appNo != '' and appNo != null">
			AND C.APP_NO = #{appNo} 
		</if>
		<if test="pname != '' and pname != null">
			AND D.NAME_ LIKE concat(concat('%',#{pname}),'%')  escape '/'
		</if>
		<if test="name != '' and name != null">
			AND A.NAME_ LIKE concat(concat('%',#{name}),'%')  escape '/'
		</if>
		<if test="procDefId != '' and procDefId != null">
			AND D.ID_ =  #{procDefId}
		</if>
		<if test="procInstId != '' and procInstId != null">
			AND A.PROC_INST_ID_ =  #{procInstId} 
		</if>
		<if test="taskDefKey != '' and taskDefKey != null">
			AND A.TASK_DEF_KEY_ = #{taskDefKey}
		</if>
		<if test="consName != '' and consName != null">
			AND C.CONS_NAME    LIKE concat(concat('%',#{consName}),'%') escape '/' 
		</if>
		<if test="id != '' and id != null">
			AND C.ID = #{id}
		</if>
		<if test="suspensionState != '' and suspensionState != null">
			AND B.SUSPENSION_STATE_ = #{suspensionState}
		</if>
        <if test="userId != '' and userId != null">
            AND I.NAME LIKE  concat(concat('%',#{userId}),'%') escape '/' 
        </if>
        <if test="startUserId != '' and startUserId != null">
            AND N.NAME  LIKE concat(concat('%',#{startUserId}),'%') escape '/' 
        </if>
		<if test="bDate != '' and bDate != null">
			AND to_date(to_char(C.HANDLE_TIME,'yyyy-MM-dd'),'yyyy-MM-dd') &gt;=  to_date(#{bDate},'yyyy-MM-dd')
		</if>
		<if test="eDate != '' and eDate != null">
			AND to_date(to_char(C.HANDLE_TIME,'yyyy-MM-dd'),'yyyy-MM-dd') &lt;=  to_date(#{eDate},'yyyy-MM-dd')
		</if>
		<if test="appId != '' and appId != null">
			AND C.APP_ID = #{appId} 
		</if>
		 	AND C.APP_NO IS NOT NULL 
	</where>
	ORDER BY C.HANDLE_TIME DESC
  </select>
  
  <!-- 以归档 -->
  <select id="findFileForApp" parameterType="com.vms.activiti.model.ActHiTaskinst" resultMap="BaseResultMap">
	SELECT ''  AS USERID,
       N.NAME AS  STARTUSERID,
       B.PROC_INST_ID_,
       C.APP_NO,
       D.NAME_          AS PNAME,
       B.BUSINESS_KEY_,
       C.PS_ORG_NO,
       E.NAME           AS ORGNAME,
       C.ID,
       C.CONS_ID,
       C.CUST_ID,
       C.CONS_NO,
       C.CONS_NAME,
       C.CONS_SORT_CODE,
       C.APP_TYPE_CODE,
       C.HANDLE_TIME,
       C.INFO_ARC_DATE,
       C.REASON         AS REASON,
       D.SUSPENSION_STATE_           AS suspensionState
  FROM ACT_HI_PROCINST B
  LEFT JOIN ARC_S_APP C
    ON B.BUSINESS_KEY_ = C.ID
  LEFT JOIN ACT_RE_PROCDEF D
    ON B.PROC_DEF_ID_ = D.ID_
  LEFT JOIN T_SYS_ORGANIZATION E
    ON C.PS_ORG_NO = E.ID
  LEFT JOIN ACT_HI_PROCINST F
    ON B.PROC_INST_ID_ = F.PROC_INST_ID_
  LEFT JOIN C_CONS H
    ON C.CONS_NO = H.CONS_NO
  LEFT JOIN T_SYS_USER N
    ON F.START_USER_ID_ = N.ID
   	<where>
        1=1
   		<if test="psOrgNo != '' and psOrgNo != null">
			AND E.ID = #{psOrgNo}
		</if>
   		<if test="appNo != '' and appNo != null">
			AND C.APP_NO = #{appNo} 
		</if>
		<if test="pname != '' and pname != null">
			AND D.NAME_ concat(concat('%',#{pname}),'%')  escape '/'
		</if>
		<if test="procDefId != '' and procDefId != null">
			AND D.ID_ =  #{procDefId}
		</if>
		<if test="procInstId != '' and procInstId != null">
			AND B.PROC_INST_ID_ =  #{procInstId}
		</if>
		<if test="consName != '' and consName != null">
			AND C.CONS_NAME   LIKE concat(concat('%',#{consName}),'%') escape '/' 
		</if>
		<if test="id != '' and id != null">
			AND C.ID = #{id}
		</if>
		<if test="suspensionState != '' and suspensionState != null">
			AND D.SUSPENSION_STATE_ = #{suspensionState}
		</if>		
        <if test="startUserId != '' and startUserId != null">
            AND N.NAME  LIKE concat(concat('%',#{startUserId}),'%') escape '/' 
        </if>
		<if test="bDate != '' and bDate != null">
			AND to_date(to_char(C.HANDLE_TIME,'yyyy-MM-dd'),'yyyy-MM-dd') &gt;=  to_date(#{bDate},'yyyy-MM-dd')
		</if>
		<if test="eDate != '' and eDate != null">
			AND to_date(to_char(C.HANDLE_TIME,'yyyy-MM-dd'),'yyyy-MM-dd') &lt;=  to_date(#{eDate},'yyyy-MM-dd')
		</if>
	</where>
	ORDER BY C.APP_NO,C.INFO_ARC_DATE DESC   
  </select>
  
	<insert id="insertActDesc" parameterType="com.vms.activiti.model.ActCheckDesc">
		INSERT INTO T_ACT_CHECK_DESC (
	        <if test="procInstId != null and procInstId !=''">
	            PROC_INST_ID,
	        </if>
	        <if test="stepId != null and stepId !=''">
	            TASK_ID,
	        </if>
	        <if test="actDesc != null and actDesc !=''">
	            ACT_DESC,
	        </if>
			ID
		)
		VALUES (
	        <if test="procInstId != null and procInstId !=''">
	            #{procInstId},
	        </if>
	        <if test="stepId != null and stepId !=''">
	            #{stepId},
	        </if>
	        <if test="actDesc != null and actDesc !=''">
	            #{actDesc},
	        </if>
			#{id}
		)
	</insert>
	
	<update id="updateMeterStatus" parameterType="java.lang.String">
		update s_app set meter_status = 0 where app_id = #{appId}
	</update>
	
	
	<select id="getUserDeptByLoginName" parameterType="java.lang.String" resultType="java.lang.String">
		select o.name from t_sys_organization o,t_sys_user u
			where o.id = u.organization_id
			and u.loginname = #{name}
	</select>
	
	<select id="getUserDeptByTaskTypeAndAppNo" parameterType="java.util.Map" resultType="java.lang.String">
		select o.name from t_sys_organization o,t_addr_grid t,s_app sa
		 where o.id = t.dept_id 
		 and t.area_id = sa.grid 
		 and sa.app_no = #{appNo} 
		 and t.task_type = #{taskType}
	</select>
	
	
	<select id="findActHiTaskinstByDeptId" parameterType="java.lang.String" resultType="java.lang.Integer">
		select count(1) from ACT_RU_IDENTITYLINK t where t.GROUP_ID_ = #{ deptId }
	</select>
	
	<select id="processedActHiTaskinstByPage" parameterType="com.vms.model.Page" resultMap="BaseResultMap">
		   SELECT distinct I.NAME  AS userId,
		     I.LOGINNAME AS loginName,
		       N.NAME AS  startUserId,
		       A.PROC_INST_ID_,
		       C.APP_NO,
		       D.NAME_          AS PNAME,
		       B.BUSINESS_KEY_,
		        C.PS_ORG_NO,
		       A.NAME_          AS TASKNAME, 
		       E.NAME           AS ORGNAME,
		       C.ID,
		       C.CONS_ID,
		       C.CUST_ID,
		       C.CONS_NO,
		       C.CONS_NAME,
		       C.CONS_SORT_CODE,
		       C.APP_TYPE_CODE,
		       C.HANDLE_TIME,
		       C.INFO_ARC_DATE,
		       C.REASON         AS REASON,
		       (case when c.status = '04' then 3
		         else 
		       B.SUSPENSION_STATE_ end   )       AS suspensionState,
		       B.proc_def_id_     AS procDefId,
		         '1'       AS applyState
		  FROM ACT_RU_TASK A
		  LEFT JOIN T_RUN_ACT_TIME M
		    ON A.id_ = M.TASK_ID
		  LEFT JOIN ACT_RU_EXECUTION B
		    ON A.PROC_INST_ID_ = B.PROC_INST_ID_
		  LEFT JOIN S_APP C
		    ON B.BUSINESS_KEY_ = C.ID
		  LEFT JOIN ACT_RE_PROCDEF D
		    ON A.PROC_DEF_ID_ = D.ID_
		  LEFT JOIN T_SYS_ORGANIZATION E
		    ON C.PS_ORG_NO = E.ID
		  LEFT JOIN ACT_HI_PROCINST F
		    ON A.PROC_INST_ID_ = F.PROC_INST_ID_
		  LEFT JOIN C_CONS H
		    ON C.CONS_NO = H.CONS_NO
		  LEFT JOIN T_SYS_USER I
		    ON A.ASSIGNEE_ = I.ID
		  LEFT JOIN T_SYS_USER N
		    ON F.START_USER_ID_ = N.ID
		  LEFT JOIN act_hi_taskinst HI
		    ON A.PROC_INST_ID_=HI.PROC_INST_ID_
		    <where>
		        1=1
		      <if test="params.psOrgNo != '' and params.psOrgNo != null">
		      AND E.ID = #{params.psOrgNo}
		    </if>
		      <if test="params.appNo != '' and params.appNo != null">
		      AND C.APP_NO = #{params.appNo} 
		    </if>
		    <if test="params.pname != '' and params.pname != null">
		      AND D.NAME_ LIKE concat(concat('%',#{params.pname}),'%')  escape '/'
		    </if>
		    <if test="params.name != '' and params.name != null">
		      AND A.NAME_ LIKE concat(concat('%',#{params.name}),'%')  escape '/'
		    </if>
		    <if test="params.procDefId != '' and params.procDefId != null">
		      AND D.ID_ =  #{params.procDefId}
		    </if>
		    <if test="params.procInstId != '' and params.procInstId != null">
		      AND A.PROC_INST_ID_ =  #{params.procInstId} 
		    </if>
		    <if test="params.taskDefKey != '' and params.taskDefKey != null">
		      AND A.TASK_DEF_KEY_ = #{params.taskDefKey}
		    </if>
		    <if test="params.consName != '' and params.consName != null">
		      AND C.CONS_NAME    LIKE concat(concat('%',#{params.consName}),'%') escape '/' 
		    </if>
		    <if test="params.id != '' and params.id != null">
		      AND C.ID = #{params.id}
		    </if>
		    <if test="params.suspensionState != '' and params.suspensionState != null">
		      AND B.SUSPENSION_STATE_ = #{params.suspensionState}
		    </if>
		     
	        <if test="params.startUserId != '' and params.startUserId != null">
	            AND N.NAME  LIKE concat(concat('%',#{params.startUserId}),'%') escape '/' 
	        </if>
		    <if test="params.bDate != '' and params.bDate != null">
		      AND to_date(to_char(C.HANDLE_TIME,'yyyy-MM-dd'),'yyyy-MM-dd') &gt;=  to_date(#{params.bDate},'yyyy-MM-dd')
		    </if>
		    <if test="params.eDate != '' and params.eDate != null">
		      AND to_date(to_char(C.HANDLE_TIME,'yyyy-MM-dd'),'yyyy-MM-dd') &lt;=  to_date(#{params.eDate},'yyyy-MM-dd')
		    </if>
		    <if test="params.appId != '' and params.appId != null">
		      AND C.APP_ID = #{params.appId} 
		    </if>
		    <if test="params.flowType != '' and params.flowType != null">
		      AND M.FLOW_TYPE = #{params.flowType} 
		    </if>
		    <if test="params.taskStatus != '' and params.taskStatus != null">
		      AND M.TASK_STATUS = #{params.taskStatus} 
		    </if>
		      <if test="params.processUser!= '' and params.processUser != null">
		      AND HI.ASSIGNEE_=#{params.processUser}
		     </if>
		      AND C.APP_NO IS NOT NULL 
		  </where>
		union all
		SELECT distinct ''  AS USERID,
		       N.LOGINNAME AS LOGINNAME,
		       N.NAME AS  STARTUSERID,
		       B.PROC_INST_ID_,
		       C.APP_NO,
		       D.NAME_          AS PNAME,
		       B.BUSINESS_KEY_,
		       C.PS_ORG_NO,
		       D.name_   AS   TASKNAME,
		       E.NAME           AS ORGNAME,
		       C.ID,
		       C.CONS_ID,
		       C.CUST_ID,
		       C.CONS_NO,
		       C.CONS_NAME,
		       C.CONS_SORT_CODE,
		       C.APP_TYPE_CODE,
		       C.HANDLE_TIME,
		       C.INFO_ARC_DATE,
		       C.REASON         AS REASON,
		       D.SUSPENSION_STATE_           AS suspensionState,
		       D.ID_   AS   procDefId,
		       
		       '2'       AS applyState
		  FROM ACT_HI_PROCINST B
		  LEFT JOIN ARC_S_APP C
		    ON B.BUSINESS_KEY_ = C.ID
		  LEFT JOIN ACT_RE_PROCDEF D
		    ON B.PROC_DEF_ID_ = D.ID_
		  LEFT JOIN T_SYS_ORGANIZATION E
		    ON C.PS_ORG_NO = E.ID
		  LEFT JOIN ACT_HI_PROCINST F
		    ON B.PROC_INST_ID_ = F.PROC_INST_ID_
		  LEFT JOIN C_CONS H
		    ON C.CONS_NO = H.CONS_NO
		  LEFT JOIN T_SYS_USER N
		    ON F.START_USER_ID_ = N.ID
		    LEFT JOIN act_hi_taskinst HI
		    ON B.PROC_INST_ID_=HI.PROC_INST_ID_
		    <where>
		        1=1
		      <if test="params.psOrgNo != '' and params.psOrgNo != null">
		      AND E.ID = #{params.psOrgNo}
		    </if>
		      <if test="params.appNo != '' and params.appNo != null">
		      AND C.APP_NO = #{params.appNo} 
		    </if>
		    <if test="params.pname != '' and params.pname != null">
		      AND D.NAME_ LIKE concat(concat('%',#{params.pname}),'%') escape '/'
		    </if>
		    <if test="params.procDefId != '' and params.procDefId != null">
		      AND D.ID_ =  #{params.procDefId}
		    </if>
		    <if test="params.procInstId != '' and params.procInstId != null">
		      AND B.PROC_INST_ID_ =  #{params.procInstId}
		    </if>
		    <if test="params.consName != '' and params.consName != null">
		      AND C.CONS_NAME   LIKE concat(concat('%',#{params.consName}),'%') escape '/' 
		    </if>
		    <if test="params.id != '' and params.id != null">
		      AND C.ID = #{params.id}
		    </if>
		    <if test="params.suspensionState != '' and params.suspensionState != null">
		      AND D.SUSPENSION_STATE_ = #{params.suspensionState}
		    </if>   
		        <if test="params.startUserId != '' and params.startUserId != null">
		            AND N.NAME  LIKE concat(concat('%',#{params.startUserId}),'%') escape '/' 
		        </if>
		    <if test="params.bDate != '' and params.bDate != null">
		      AND to_date(to_char(C.HANDLE_TIME,'yyyy-MM-dd'),'yyyy-MM-dd') &gt;=  to_date(#{params.bDate},'yyyy-MM-dd')
		    </if>
		    <if test="params.eDate != '' and params.eDate != null">
		      AND to_date(to_char(C.HANDLE_TIME,'yyyy-MM-dd'),'yyyy-MM-dd') &lt;=  to_date(#{params.eDate},'yyyy-MM-dd')
		    </if>
	     	 <if test="params.processUser!= '' and params.processUser != null">
		      AND  HI.ASSIGNEE_=#{params.processUser}
		     </if>
		  </where>
	
	</select>
</mapper>