<?xml version="1.0" encoding="UTF-8" ?>
<!DOCTYPE mapper PUBLIC "-//mybatis.org//DTD Mapper 3.0//EN" "http://mybatis.org/dtd/mybatis-3-mapper.dtd" >
<mapper namespace="com.vms.activiti.mapper.activitiFlowMapper">
    <update id="updateIdBySapp">
    update s_app
    set id = #{0}
    where app_id = #{1}
  </update>
  
  <update id="updateAssigneeById">
	update act_ru_task set assignee_= #{1} where proc_inst_id_=#{0}
  </update>
  
  <update id="updateTaskStatus">
      update s_app set status = #{1} where app_id = #{0}
  </update>
  <!-- 根据业务主键查询申请人 -->
   <select id="queryFlowUser" resultType="com.vms.activiti.model.WorkFlow" parameterType="java.lang.String">
       select b.name as name, a.start_user_id_ as startUserId
        from act_hi_procinst a
        left join t_sys_user b
          on a.start_user_id_ = b.id
        where business_key_ = #{processInstance}
    </select>
   <select id="queryFlowUserQe" resultType="com.vms.activiti.model.WorkFlow" parameterType="com.vms.activiti.model.WorkFlow">
       select b.name as name, a.start_user_id_ as startUserId
        from act_hi_procinst a
        left join t_sys_user b
          on a.start_user_id_ = b.id
         <where>
			<if test="businessKey != '' and businessKey != null">
				AND business_key_ = #{businessKey}
			</if>
			<if test="startUserId != '' and startUserId != null">
				AND START_USER_ID_ = #{startUserId}
			</if>
		</where>
    </select>
    
    <select id="queryFlowKey" resultType="java.lang.String">
         select key_ from ACT_RE_PROCDEF
    </select>
    
    
    <select id="queryAppidByBusinessKey" resultType="com.vms.activiti.model.ApplicationInfo" parameterType="java.lang.String">
        select 
        app_id as appId,
        APP_NO AS appNo,
		LODE_ATTR_CODE AS electricType,
        APP_TYPE_CODE as appTypeCode,
        Rela_App_Code as relaAppCode,
        Handle_Time as handleTime,
        App_Mode as appmode,
        Cons_No as consNo ,
        Cons_Name as consName,
        Elec_Type_Code as electypeCode  ,
        Elec_Addr as elecAddr ,
        Trade_Code as tradeCode ,
        Volt_Code as voltCode ,
        Notify_Mode as notifyMode,
        Settle_Mode as settleMode,
        Note_Type_Code as noteTypeCode,
        Reason as reason,
        Remark as remark,
        contract_Cap as contractCap,
        cons_Sort_Code as consSortCode,
        note_Type_Code as noteTypeCode 
        from s_app
        where id = #{businessKey}
    </select>
     <select id="queryAppidByBusinessKeyQe" resultType="com.vms.activiti.model.ApplicationInfo" parameterType="com.vms.activiti.model.WorkFlow">
        select 
        	a.ps_org_no as orgNo,
        	b.name as orgName,
	        a.app_id as appId,
	        a.APP_NO AS appNo,
			a.LODE_ATTR_CODE AS electricType,
	        a.APP_TYPE_CODE as appTypeCode,
	        a.Rela_App_Code as relaAppCode,
	        a.Handle_Time as handleTime,
	        a.App_Mode as appmode,
	        a.Cons_No as consNo ,
	        a.Cons_Name as consName,
	        a.Elec_Type_Code as electypeCode  ,
	        a.Elec_Addr as elecAddr ,
	        a.Trade_Code as tradeCode ,
	        a.Volt_Code as voltCode ,
	        a.Notify_Mode as notifyMode,
	        a.Settle_Mode as settleMode,
	        a.Note_Type_Code as noteTypeCode,
	        a.Reason as reason,
	        a.Remark as remark,
	        a.contract_Cap as contractCap,
	        a.cons_Sort_Code as consSortCode,
	        a.note_Type_Code as noteTypeCode,
	        a.id 
        from act_ru_task c
        left join act_ru_execution d on c.proc_inst_id_=d.proc_inst_id_
        left join 
        s_app a on d.business_key_=a.id
        left join t_sys_organization b
   		on a.ps_org_no=b.id
	    <where>
			<if test="businessKey != '' and businessKey != null">
				AND a.ID = #{businessKey}
			</if>
			<if test="startUserId != '' and startUserId != null">
				AND a.START_USER_ID_ = #{startUserId}
			</if>
			<if test="consName != '' and consName != null">
				AND a.CONS_NAME like '%${consName}%'
			</if>
			<if test="activityName != '' and activityName != null">
				AND c.NAME_ like '%${activityName}%'
			</if>
			<if test="consNo != '' and consNo != null">
				AND a.CONS_NO = #{consNo}
			</if>
			<if test="appNo != '' and appNo != null">
				AND a.APP_NO = #{appNo}
			</if>
		</where>
    </select>
    <select id="queryProcessNameByPage" resultType="com.vms.activiti.model.WorkFlow">
         SELECT distinct NAME_ AS processName FROM ACT_RE_PROCDEF WHERE NAME_ IS NOT NULL
    </select>
  <select id="queryStepName" parameterType="com.vms.activiti.model.WorkFlow"  resultType="com.vms.activiti.model.WorkFlow">
	   select distinct A.name_ as activityName from ACT_RU_TASK A,ACT_RE_PROCDEF B
	 <where>
		A.PROC_DEF_ID_ = B.ID_
		<if test="processName != '' and processName != null">
			AND B.NAME_ = #{processName}
		</if>
	</where>
  </select>    
  
  <select id="processManageList"  resultType="com.vms.activiti.entity.act.ProcessDefinition" parameterType="com.vms.model.Page">
		 select id,
            name,
            key,
            version,
            suspended,
            resourceName,
            diagramResourceName,
            deploymentId,
            deploymentName,
            deploymentTime,
            proc_type as processType
       from ( SELECT P.ID_ AS id,
	           P.NAME_ AS name,
	           P.KEY_ AS key,
	           P.VERSION_ AS version,
	           P.SUSPENSION_STATE_ AS suspended,
	           P.RESOURCE_NAME_ AS resourceName,
	           P.DGRM_RESOURCE_NAME_ AS diagramResourceName,
	           D.ID_ AS deploymentId,
	           D.NAME_ AS deploymentName,
	           D.DEPLOY_TIME_ AS deploymentTime,
	           decode(actt.proc_type,'0','Created','1','Changed','2','Deactivated','3','Others','Others') as proc_type
	      FROM ACT_RE_PROCDEF P, ACT_RE_DEPLOYMENT D,T_PROC_ACT_TYPE actt
	     WHERE P.DEPLOYMENT_ID_ = D.ID_
	     and P.NAME_ = actt.proc_name(+) 
		
        <if test="params.name != '' and params.name != null">
	        and P.NAME_ LIKE concat(concat('%',#{params.name}),'%') escape '!'
        </if>
        <if test="params.suspended != '' and params.suspended != null">
           AND SUSPENSION_STATE_ = #{params.suspended}
        </if>
        <if test="params.processType != '' and params.processType != null">
           AND actt.proc_type = #{params.processType}
        </if>
        <choose>
		    <when test="conditions == null">
		    	 ORDER BY P.ID_ DESC       
		    </when>
		    <otherwise>
		         order by  ${conditions.order}
		    </otherwise>
		</choose>
		) 
		
    </select>
  <select id="processInstanceList"  resultType="com.vms.activiti.entity.act.ProcessInstance" parameterType="com.vms.model.Page">
		select aa.id,
            aa.businessKey,
            aa.processInstanceId,
            aa.activityId,
            aa.suspendedState,
            aa.processDefinitionKey,
            aa.processDefinitionId,
            aa.processDefinitionName,
            aa.processDefinitionVersion,
            aa.deploymentId,
            aa.createTime,
            aa.appNo,
            aa.status,
            aa.appId
       from ( select distinct RES.Business_Key_ as businessKey,
                             RES.Id_ as id,
                             RES.Proc_Inst_Id_ as processInstanceId,
                             res.act_id_ as activityId,
                             RES.SUSPENSION_STATE_ as suspendedState,
                             P.KEY_ as processDefinitionKey,
                             P.ID_ as processDefinitionId,
                             P.NAME_ as processDefinitionName,
                             P.VERSION_ as processDefinitionVersion,
                             P.DEPLOYMENT_ID_ as deploymentId,
                             to_char(a.Handle_Time, 'yyyy-MM-dd HH24:mi:ss') as createTime,
                             a.APP_NO AS appNo,
                             a.status as status,
                             a.app_id as appId,
                             nvl(actt.proc_type, 3) as proc_type
               from ACT_RU_EXECUTION RES,
                    ACT_RE_PROCDEF   P,
                    act_ru_task      c,
                    s_app            a,
                    T_PROC_ACT_TYPE  actt
              WHERE RES.PROC_DEF_ID_ = P.ID_
                and P.NAME_ = actt.proc_name(+)
                and res.proc_inst_id_ = c.proc_inst_id_(+)
                and res.business_key_ = a.id(+)
                and RES.PARENT_ID_ is null
		   
		<if test="params.appNo != '' and params.appNo != null">
	        and a.APP_NO LIKE concat(concat('%',#{params.appNo}),'%')  escape '/'
        </if>
        <if test="params.processDefinitionId != '' and params.processDefinitionId != null">
	        and P.ID_ = #{params.processDefinitionId}
        </if>
        <if test="params.processInstanceId != '' and params.processInstanceId != null">
           AND res.proc_inst_id_ = #{params.processInstanceId}
        </if>
        
        
        <choose>
		    <when test="conditions == null">
		    	 ORDER BY res.proc_inst_id_ DESC       
		    </when>
		    <otherwise>
		         order by  ${conditions.order}
		    </otherwise>
		</choose>
		) aa
		where  1=1 
		<if test="params.processType != '' and params.processType != null">
	        and aa.proc_type = #{params.processType}
        </if>
    </select>
    
    <select id="queryAppInfoByAppId" resultType="com.vms.activiti.model.ApplicationInfo" parameterType="java.lang.Long">
        select 
        app_id as appId,
        APP_NO AS appNo,
        app_type_code as appTypeCode,
        Cons_No as consNo ,
        Cons_Name as consName
        from s_app
        where app_id = #{appId}
    </select>
    
    <select id="queryBusiFeeStatus" resultType="java.lang.String" parameterType="java.lang.Long">
       SELECT case when sum(a.rcved_amt) &gt; 0 then 1 else 0 end 
       FROM S_BUSI_AMT_RCVBL a
       inner join s_app b on a.app_no=b.app_no
       inner join s_busi_amt_std d  on a.bcs_id=d.bcs_id 
       WHERE a.status_code in ('02','04') and b.app_id=#{appId}
    </select>
    
    <resultMap id="RsMap" type="java.util.Map">
  	<result column="AMT" jdbcType="DECIMAL" property="amt" />
    <result column="CONS_NO" jdbcType="VARCHAR" property="consNo" />
    </resultMap>
    <select id="queryDepositStatus" resultMap="RsMap" parameterType="java.lang.Long">
       SELECT SUM(DECODE(A.STATUS_CODE,'02',A.RCVED_AMT,'04',A.RCVED_AMT-A.RCVBL_AMT)) AMT,A.CONS_NO
       FROM S_BUSI_AMT_RCVBL A
       INNER JOIN S_APP B ON A.APP_NO=B.APP_NO
       LEFT JOIN S_BUSI_AMT_STD D  ON A.BCS_ID=D.BCS_ID 
       WHERE D.TYPE_CODE IS NULL AND A.STATUS_CODE IN ('02','04') AND B.APP_ID=#{appId}
       GROUP BY A.CONS_NO
    </select>
    
    <!-- 电能表新装已配表 -->
    <select id="queryMeterInstallStatus" resultType="java.lang.String" parameterType="java.lang.Long">
        SELECT 1
		  FROM S_MP_SCHEME A, S_MP_METER_RELA_SCHM B, S_METER_SCHEME C,D_METER D
		 WHERE A.MP_SCHEME_ID = B.MP_SCHEME_ID
		   AND B.ID2 = C.ID
		   AND D.METER_ID=C.METER_ID
       	   AND C.CHG_DESC='01'
       	   AND (D.CUR_STATUS_CODE='011' OR D.CUR_STATUS_CODE='012')
		   AND A.ID = #{appId}
		   AND ROWNUM = 1
    </select>
    <!-- 电能表拆除并且已拆表 -->
    <select id="queryMeterRemoveStatus" resultType="java.lang.String" parameterType="java.lang.Long">
        SELECT 1
		  FROM S_MP_SCHEME A, S_MP_METER_RELA_SCHM B, S_METER_SCHEME C,D_METER D
		 WHERE A.MP_SCHEME_ID = B.MP_SCHEME_ID
		   AND B.ID2 = C.ID
       	   AND D.METER_ID=C.METER_ID
       	   AND C.CHG_DESC = '02'
       	   AND (D.CUR_STATUS_CODE='003' OR D.CUR_STATUS_CODE='010')
		   AND A.ID = #{appId}
		   AND ROWNUM = 1
    </select>
    
    <select id="queryBillStatus" resultType="java.lang.String" parameterType="java.lang.Long">
		 SELECT 1 FROM r_plan a, arc_e_cons_snap b 
		 where a.mr_plan_no =b.app_code  
		 and a.plan_status = '09' and a.finish_flag='1' 
		 and b.app_no =(select app_no from s_app where app_id= #{appId})
    </select>
    
    <delete id="delSApp">
    	delete from s_app where app_id = #{appId}
    </delete>
</mapper>