<?xml version="1.0" encoding="UTF-8" ?>
<!DOCTYPE mapper PUBLIC "-//mybatis.org//DTD Mapper 3.0//EN" "http://mybatis.org/dtd/mybatis-3-mapper.dtd" >
<mapper namespace="com.vms.mapper.DriverMapper">
    <resultMap id="BaseResultMap" type="com.vms.model.DriverInfo">
        <!--  <id column="id" property="id" jdbcType="BIGINT"/>-->
		<result column="username" property="driverName" jdbcType="VARCHAR"/>
    </resultMap>
	
    <resultMap id="DETAILResultMap" type="com.vms.model.DriverDetailInfo">
		<result column="username" property="driverName" jdbcType="VARCHAR"/>
		<result column="time" property="time" jdbcType="VARCHAR"/>
		<result column="startmile" property="startMile" jdbcType="DOUBLE"/>
		<result column="endmile" property="endMile" jdbcType="DOUBLE"/>
		<result column="todaymile" property="todayMile" jdbcType="DOUBLE"/>
    </resultMap>

	<sql id="Base_Column_List_Dept">
        username
    </sql>

    <select id="queryDriverInfo" resultMap="BaseResultMap" parameterType="java.lang.String">
        select
        <include refid="Base_Column_List_Dept"/>
		  from t_dirverinfo b
		 
		<if test=" DRIVERNAME != null ">
        	where b.username=#{DRIVERNAME}
        </if>
    </select>
	
    <select id="queryDriverDetailInfo" resultMap="DETAILResultMap" parameterType="java.lang.String">
			select a.username,b.time,b.startmile,b.endmile,b.todaymile from t_dirverinfo a , t_dirverdetailinfo b 
			 where a.id = b.userid
		<if test=" DRIVERNAME != null ">
        	and a.username=#{DRIVERNAME}
        </if>
		
        <if test="STARTTIME != null ">
			<![CDATA[ and b.time >= to_date(#{STARTTIME}, 'yyyy-mm-dd hh24:mi:ss')]]>
		</if>
		 
        <if test="ENDTIME != null ">
			<![CDATA[ and b.time <= to_date(#{ENDTIME}, 'yyyy-mm-dd hh24:mi:ss')]]>
		</if>
    </select>

</mapper>