<?xml version="1.0" encoding="UTF-8" ?>
<!DOCTYPE mapper PUBLIC "-//mybatis.org//DTD Mapper 3.0//EN" "http://mybatis.org/dtd/mybatis-3-mapper.dtd" >
<mapper namespace="com.vms.activiti.mapper.HomeMapper">
    
    <resultMap id="ResultMap" type="com.vms.activiti.model.PanelInfo">
    	<id column="ID" property="id" jdbcType="BIGINT"/>
        <result column="USER_ID" property="userId" jdbcType="VARCHAR"/>
        <result column="RESOURCE_ID" property="resourceId" jdbcType="BIGINT"/>
        <result column="NAME" property="resourceName" jdbcType="VARCHAR"/>
        <result column="TOP_RESOURCE_ID" property="topResourceId" jdbcType="BIGINT"/>
        <result column="URL" property="url" jdbcType="VARCHAR"/>
        <result column="CREATE_TIME" property="createTime" jdbcType="TIMESTAMP"/>
    </resultMap>
    
    <resultMap id="systemMessageInfoResult"
		type="com.vms.model.SystemMessageInfo">
		<id column="ID" property="id" jdbcType="BIGINT" />
		<result column="MSG_TITLE" property="msgTitle" jdbcType="VARCHAR" />
		<result column="MSG_TEXT" property="msgText" jdbcType="VARCHAR" />
		<result column="PROC_DEF_ID" property="procDefId" jdbcType="VARCHAR" />
		<result column="TASK_ID" property="taskId" jdbcType="VARCHAR" />
		<result column="TASK_DEF_KEY" property="taskDefKey" jdbcType="VARCHAR" />
		<result column="PROCESS_INST_ID" property="processInstId" jdbcType="VARCHAR" />
		<result column="CUSTOM_URL" property="customUrl" jdbcType="VARCHAR" />
		<result column="APP_ID" property="appId" jdbcType="VARCHAR" />
		<result column="USER_ID" property="userId" jdbcType="VARCHAR" />
		<result column="TASK_NAME" property="taskName" jdbcType="VARCHAR" />
		<result column="CREATE_TIME" property="createTime" jdbcType="TIMESTAMP" />
		<result column="STATUS" property="status" jdbcType="VARCHAR" />
	</resultMap>
	
	<resultMap id="systemNoticeResult"
		type="com.vms.activiti.model.SystemNotice">
		<id column="ID" property="id" jdbcType="VARCHAR" />
		<result column="MSG_TITLE" property="msgTitle" jdbcType="VARCHAR" />
		<result column="MSG_TEXT" property="msgText" jdbcType="VARCHAR" />
		<result column="MSG_ALIVE" property="msgAlive" jdbcType="VARCHAR" />
		<result column="MSG_PUBLISH" property="msgPublish" jdbcType="VARCHAR" />
		<result column="MSG_PUBLISH_ORG" property="msgPublishOrg" jdbcType="VARCHAR" />
		<result column="MSG_TYPE" property="msgType" jdbcType="VARCHAR" />
		<result column="MSG_PUBLISH" property="msgPublish" jdbcType="VARCHAR" />
		<result column="CREATE_TIME" property="createTime" jdbcType="TIMESTAMP" />
		<result column="PUBLISH_TIME" property="publishTime" jdbcType="TIMESTAMP"/>
		<result column="EXPIRE_TIME" property="expireTime" jdbcType="TIMESTAMP"/>
		<result column="DOCU_NAME" property="docuName" jdbcType="VARCHAR" />
		<result column="FILE_NAME" property="fileName" jdbcType="VARCHAR" />
	</resultMap>
	
	<resultMap id="runActTimeResult"
		type="com.vms.activiti.model.RunActTime">
		<id column="ID" property="id" jdbcType="BIGINT" />
		<result column="PROC_DEF_ID" property="procDefId" jdbcType="VARCHAR" />
		<result column="PROCESS_INST_ID" property="processInstId" jdbcType="VARCHAR" />
		<result column="USER_ID" property="userId" jdbcType="VARCHAR" />
		<result column="TASK_ID" property="taskId" jdbcType="VARCHAR" />
		<result column="TASK_TYPE" property="taskType" jdbcType="VARCHAR" />
		<result column="TASK_STATUS" property="taskStatus" jdbcType="VARCHAR" />
		<result column="FLOW_TYPE" property="flowType" jdbcType="VARCHAR" />
		<result column="LAST_COMP_TIME" property="lastCompTime" jdbcType="TIMESTAMP" />
		<result column="UPDATE_TIME" property="updateTime" jdbcType="TIMESTAMP" />
		<result column="STATUS" property="status" jdbcType="VARCHAR" />
	</resultMap>
	<sql id="Base_Column_List">
		ID,MSG_TITLE,MSG_TEXT,PROC_DEF_ID,TASK_ID,TASK_DEF_KEY,PROCESS_INST_ID,CUSTOM_URL,APP_ID,USER_ID,TASK_NAME,STATUS,CREATE_TIME
	</sql>

	<sql id="Base_RUN_ACT_TIME_List">
		ID,PROC_DEF_ID,PROCESS_INST_ID,USER_ID,TASK_ID,TASK_TYPE,TASK_STATUS,FLOW_TYPE,LAST_COMP_TIME,UPDATE_TIME,STATUS
	</sql>
    <select id="getUserPanelInfo"  resultMap="ResultMap" parameterType="java.lang.String">
        SELECT t.*,t1.NAME FROM P_USER_PAGE_MENU t ,T_SYS_RESOURCE t1
        where t.resource_id = t1.id
        AND t.user_id = #{userId}
        order by CREATE_TIME desc
    </select>
    
    <select id="getRolePanelInfo"  resultMap="ResultMap" parameterType="java.lang.String">
        SELECT t.*,t1.NAME FROM P_ROLE_PAGE_MENU t ,T_SYS_RESOURCE t1
        where t.resource_id = t1.id
        AND t.role_id = #{roleId}
    </select>
    
    
    <select id="querySystemTopMessageList" resultMap="systemMessageInfoResult"
		parameterType="com.vms.model.Page">
		SELECT
	    <include refid="Base_Column_List" />
	    FROM t_proc_overtime_msg where 1=1
		AND USER_ID = #{params.userId}
		order by CREATE_TIME desc
	</select>
	
	<insert id="insertMessageInfo" parameterType="com.vms.model.SystemMessageInfo">
		insert into T_PROC_OVERTIME_MSG (
				ID,MSG_TITLE,MSG_TEXT,PROC_DEF_ID,TASK_ID,TASK_DEF_KEY,PROCESS_INST_ID,CUSTOM_URL,APP_ID,USER_ID,TASK_NAME,CREATE_TIME
			)
			values (
			#{id,jdbcType=BIGINT},
			#{msgTitle,jdbcType=VARCHAR},
			#{msgText,jdbcType=VARCHAR},
			#{procDefId,jdbcType=VARCHAR},
			#{taskId,jdbcType=VARCHAR},
			#{taskDefKey,jdbcType=VARCHAR},
			#{processInstId,jdbcType=VARCHAR},
			#{customUrl,jdbcType=VARCHAR},
			#{appId,jdbcType=VARCHAR},
			#{userId,jdbcType=VARCHAR},
			#{taskName,jdbcType=VARCHAR},
			#{createTime,jdbcType=TIMESTAMP}
			)
	</insert>
	<insert id="insertBatchMessages" parameterType="java.util.List">
		<foreach collection="list" item="item" index="index" open="begin" close=";end;" separator=";">
			insert into T_PROC_OVERTIME_MSG (
				ID,MSG_TITLE,MSG_TEXT,PROC_DEF_ID,TASK_ID,TASK_DEF_KEY,PROCESS_INST_ID,CUSTOM_URL,APP_ID,USER_ID,TASK_NAME,CREATE_TIME
			)
			values (
			#{item.id,jdbcType=BIGINT},
			#{item.msgTitle,jdbcType=VARCHAR},
			#{item.msgText,jdbcType=VARCHAR},
			#{item.procDefId,jdbcType=VARCHAR},
			#{item.taskId,jdbcType=VARCHAR},
			#{item.taskDefKey,jdbcType=VARCHAR},
			#{item.processInstId,jdbcType=VARCHAR},
			#{item.customUrl,jdbcType=VARCHAR},
			#{item.appId,jdbcType=VARCHAR},
			#{item.userId,jdbcType=VARCHAR},
			#{item.taskName,jdbcType=VARCHAR},
			#{item.createTime,jdbcType=TIMESTAMP}
			)
		</foreach>
	</insert>
	<insert id="insertBatchRunActTimes" parameterType="java.util.List">
		<foreach collection="list" item="item" index="index" open="begin" close=";end;" separator=";">
			insert into T_RUN_ACT_TIME (
				ID,PROC_DEF_ID,PROCESS_INST_ID,USER_ID,TASK_ID,TASK_TYPE,TASK_STATUS,FLOW_TYPE,STATUS,LAST_COMP_TIME,UPDATE_TIME
			)
			values (
			#{item.id,jdbcType=BIGINT},
			#{item.procDefId,jdbcType=VARCHAR},
			#{item.processInstId,jdbcType=VARCHAR},
			#{item.userId,jdbcType=VARCHAR},
			#{item.taskId,jdbcType=VARCHAR},
			#{item.taskType,jdbcType=VARCHAR},
			#{item.taskStatus,jdbcType=VARCHAR},
			#{item.flowType,jdbcType=VARCHAR},
			#{item.status,jdbcType=VARCHAR},
			#{item.lastCompTime,jdbcType=TIMESTAMP},
			#{item.updateTime,jdbcType=TIMESTAMP}
			)
		</foreach>
	</insert>
	<update id="updateBatchRunActTime" parameterType="java.util.List">
		<foreach collection="list" item="item" index="index" open="begin" close=";end;" separator=";">
			update T_RUN_ACT_TIME set
				USER_ID = #{item.userId,jdbcType=VARCHAR},
				TASK_STATUS = #{item.taskStatus,jdbcType=VARCHAR},
				LAST_COMP_TIME = #{item.lastCompTime,jdbcType=TIMESTAMP},
				UPDATE_TIME = #{item.updateTime,jdbcType=TIMESTAMP},
				STATUS = #{item.status,jdbcType=VARCHAR}
			where task_id = #{item.taskId,jdbcType=VARCHAR}
		</foreach>
	</update>
	<update id="updateBatchRunActStatus" parameterType="java.util.List">
		<foreach collection="list" item="item" index="index" open="begin" close=";end;" separator=";">
			update T_RUN_ACT_TIME set
				STATUS = #{item.status,jdbcType=VARCHAR},
				UPDATE_TIME = #{item.updateTime,jdbcType=TIMESTAMP}
			where id = #{item.id,jdbcType=BIGINT}
		</foreach>
	</update>
	
	<select id="querySysMsgsByIds" resultType="java.lang.String"
		parameterType="java.util.List">
		SELECT 
		DISTINCT TASK_ID 
	    FROM T_PROC_OVERTIME_MSG
	    WHERE TASK_ID IN (
        <foreach collection="list" item="item" index="index" separator="," >
		 #{item.taskId}
		 </foreach> 
        )
	</select>
	<select id="queryRunActTimeByIds" resultMap="runActTimeResult"
		parameterType="java.util.List">
		SELECT 
		 <include refid="Base_RUN_ACT_TIME_List" />
	    FROM T_RUN_ACT_TIME
	    WHERE TASK_ID IN (
        <foreach collection="list" item="item" index="index" separator="," >
		 #{item.taskId}
		 </foreach> 
        )
	</select>
	
	
	 <select id="querySystemNoticeList" resultMap="systemNoticeResult" parameterType="com.vms.activiti.model.SystemNotice">
		SELECT
			N.ID,N.MSG_TITLE,N.MSG_TEXT,N.MSG_PUBLISH,N.PUBLISH_TIME,U.NAME AS msgPublishName
	    FROM T_SYSTEM_NOTICE N,T_SYS_USER U
	    WHERE N.MSG_PUBLISH = U.ID(+)
		 	  AND N.MSG_ALIVE = '01'
		 	  AND N.MSG_TYPE = '02'
		 <if test="orgNos != '' and orgNos != null">
			 AND N.ID IN (SELECT DISTINCT NO.NOTICE_ID FROM T_SYSTEM_NOTICE_ORG NO WHERE NO.ORG_NO = #{orgNos})
		 </if>
		order by N.PUBLISH_TIME desc
	</select>
	
	<delete id="deleteAllMessages">
		truncate table t_proc_overtime_msg
	</delete>
	<delete id="deleteAllRunActTime">
		truncate table T_RUN_ACT_TIME
	</delete>
	<update id="updateBatchMsgStatus" parameterType="java.util.Map">
		UPDATE T_PROC_OVERTIME_MSG m set m.status = #{STATUS}
	    WHERE TASK_ID IN (
        <foreach collection="MSGIDS" item="item" index="index" separator="," >
		 #{item}
		 </foreach> 
        )
	</update>
	
	<insert id="insertBatchMsgToOld" parameterType="java.lang.String">
		INSERT INTO T_PROC_OVERTIME_MSG_HIS (
			 ID,MSG_TITLE,MSG_TEXT,PROC_DEF_ID,TASK_ID,TASK_DEF_KEY,PROCESS_INST_ID,CUSTOM_URL,APP_ID,USER_ID,TASK_NAME,CREATE_TIME
		) SELECT m.ID,m.MSG_TITLE,m.MSG_TEXT,m.PROC_DEF_ID,m.TASK_ID,m.TASK_DEF_KEY,m.PROCESS_INST_ID,m.CUSTOM_URL,m.APP_ID,m.USER_ID,m.TASK_NAME,m.CREATE_TIME FROM T_PROC_OVERTIME_MSG m 
	    WHERE m.status != #{status}
	</insert>
	
	<delete id="deleteBatchOldMsg" parameterType="java.lang.String">
		DELETE FROM T_PROC_OVERTIME_MSG WHERE status != #{status}
	</delete>
	
	<delete id="deleteOldRunTaskTime" parameterType="java.lang.String">
		DELETE FROM T_RUN_ACT_TIME WHERE status != #{status}
	</delete>
	<delete id="deleteMultRunTaskTime">
		<![CDATA[ DELETE FROM T_RUN_ACT_TIME t WHERE EXISTS 
		(SELECT m.task_id FROM T_RUN_ACT_TIME m WHERE t.task_id = m.task_id GROUP BY m.task_id HAVING COUNT(m.task_id) > 1)
		]]>
	</delete>
	
	
</mapper>
