<?xml version="1.0" encoding="UTF-8" ?>
<!DOCTYPE mapper PUBLIC "-//mybatis.org//DTD Mapper 3.0//EN" "http://mybatis.org/dtd/mybatis-3-mapper.dtd" >
<mapper namespace="com.vms.activiti.mapper.ProcessTimeOutMapper">
    <resultMap id="ResultMap" type="com.vms.activiti.entity.act.ProcessTimeOut">
    	<id column="ID" property="id" jdbcType="VARCHAR"/>
        <result column="PROC_DEF_ID" property="procDefId" jdbcType="VARCHAR"/>
        <result column="PROC_NAME" property="procName" jdbcType="VARCHAR"/>
        <result column="TASK_NAME" property="taskName" jdbcType="VARCHAR"/>
        <result column="TIME_TYPE" property="timeType" jdbcType="VARCHAR"/>
        <result column="DAY_NUM" property="dayNum" jdbcType="INTEGER"/>
    </resultMap>
    
    <select id="queryProcessTimeOutByPage"  resultMap="ResultMap" parameterType="com.vms.model.Page">
		SELECT * FROM T_PROC_ACT_TIME WHERE PROC_DEF_ID = #{params.procDefId}
    </select>

	<insert id="insertProcessTimeOut" parameterType="com.vms.activiti.entity.act.ProcessTimeOut">        
        INSERT INTO T_PROC_ACT_TIME (
	        <if test="dayNum != null and dayNum !=''">
	            DAY_NUM,
	        </if>
	        ID,PROC_NAME,PROC_DEF_ID,TASK_NAME,TIME_TYPE
        )
        values (
	        <if test="dayNum != null and dayNum !=''">
	            #{dayNum},
	        </if>
	        #{id},#{procName},#{procDefId},#{taskName},#{timeType}
        )
    </insert>
    
    <update id="editProcessTimeOut" parameterType="com.vms.activiti.entity.act.ProcessTimeOut">
        UPDATE T_PROC_ACT_TIME
        <set>
            <if test="dayNum != null and dayNum !=''">
                DAY_NUM = #{dayNum},
            </if>
        	TIME_TYPE = #{timeType}
        </set>
        WHERE ID = #{id}
    </update>
    
    <select id="queryProcessTimeOutById" parameterType="java.lang.String" resultMap="ResultMap">
    	select * from T_PROC_ACT_TIME Where id = #{id}
    </select>
    
</mapper>
