<?xml version="1.0" encoding="UTF-8" ?>
<!DOCTYPE mapper PUBLIC "-//mybatis.org//DTD Mapper 3.0//EN" "http://mybatis.org/dtd/mybatis-3-mapper.dtd" >
<mapper namespace="com.vms.activiti.mapper.ProcActTimeMapper">
    <resultMap id="BaseResultMap" type="com.vms.activiti.model.ProcActTime">
        <id column="id" property="id" jdbcType="BIGINT"/>
        <result column="proc_def_id" property="procDefId" jdbcType="VARCHAR"/>
        <result column="task_name" property="taskName" jdbcType="VARCHAR"/>
        <result column="proc_name" property="procName" jdbcType="VARCHAR"/>
        <result column="time_type" property="timeType" jdbcType="VARCHAR"/>
        <result column="day_num" property="dayNum" jdbcType="BIGINT"/>
    </resultMap>
    <sql id="Base_Column_List">
	    id, proc_def_id,proc_name, task_name, time_type, day_num
	</sql>

    <select id="findAllProcActTime" resultMap="BaseResultMap">
        select
        <include refid="Base_Column_List"/>
        from t_proc_act_time 
    </select>
    
</mapper>