<?xml version="1.0" encoding="UTF-8" ?>
<!DOCTYPE mapper PUBLIC "-//mybatis.org//DTD Mapper 3.0//EN" "http://mybatis.org/dtd/mybatis-3-mapper.dtd" >
<mapper namespace="com.vms.activiti.mapper.ProcessTypeMapper">
    <resultMap id="ResultMap" type="com.vms.activiti.entity.act.ProcessType">
    	<id column="ID" property="id" jdbcType="VARCHAR"/>
        <result column="PROC_NAME" property="procName" jdbcType="VARCHAR"/>
        <result column="PROC_TYPE" property="procType" jdbcType="VARCHAR"/>
    </resultMap>
    

	<insert id="insertProcessType" parameterType="com.vms.activiti.entity.act.ProcessType">        
        INSERT INTO T_PROC_ACT_TYPE (
	        ID,PROC_NAME,PROC_TYPE
        )
        values (
	        #{id},#{procName},#{procType}
        )
    </insert>
    
    <update id="editProcessType" parameterType="com.vms.activiti.entity.act.ProcessType">
        UPDATE T_PROC_ACT_TYPE
        <set>
        	PROC_TYPE = #{procType}
        </set>
        WHERE ID = #{id}
    </update>
    
    <select id="queryProcessTypeById" parameterType="java.lang.String" resultMap="ResultMap">
    	select * from T_PROC_ACT_TYPE Where id = #{id}
    </select>
    
    
    
    <select id="queryProcessTypeByName" parameterType="java.lang.String" resultMap="ResultMap">
    	select * from T_PROC_ACT_TYPE Where PROC_NAME = #{processName}
    </select>
    
    <select id="queryAllProcessType" resultMap="ResultMap">
    	select * from T_PROC_ACT_TYPE order by PROC_NAME
    </select>
    
</mapper>
