<?xml version="1.0" encoding="UTF-8" ?>
<!DOCTYPE mapper PUBLIC "-//mybatis.org//DTD Mapper 3.0//EN" "http://mybatis.org/dtd/mybatis-3-mapper.dtd" >
<mapper namespace="com.vms.mapper.UserMapper">
    <resultMap id="BaseResultMap" type="com.vms.model.User">
        <id column="id" property="id" jdbcType="VARCHAR"/>
        <result column="loginname" property="loginname" jdbcType="VARCHAR"/>
        <result column="nickname" property="nickName" jdbcType="VARCHAR"/>
        <result column="password" property="password" jdbcType="VARCHAR"/>
        <result column="status" property="status" jdbcType="TINYINT"/>
        <result column="belongdept" property="belongDept" jdbcType="TINYINT"/>
        <result column="createtime" property="createdate" jdbcType="TIMESTAMP"/>
        <result column="updatetime" property="updatedate" jdbcType="TIMESTAMP"/>
        <result column="phone" property="phone" jdbcType="VARCHAR"/>
    </resultMap>
    

    <resultMap id="userVoResultMap" type="com.vms.model.UserVo">
        <id column="id" property="id" jdbcType="VARCHAR"/>
        <result column="loginname" property="loginname" jdbcType="VARCHAR"/>
        <result column="nickname" property="nickName" jdbcType="VARCHAR"/>
        <result column="password" property="password" jdbcType="VARCHAR"/>
        <result column="status" property="status" jdbcType="TINYINT"/>
        <result column="belongdept" property="belongDept" jdbcType="TINYINT"/>
        <result column="createtime" property="createdate" jdbcType="TIMESTAMP"/>
        <result column="updatetime" property="updatedate" jdbcType="TIMESTAMP"/>
        <result column="phone" property="phone" jdbcType="VARCHAR"/>

        <collection property="rolesList" ofType="com.vms.model.Role">
            <id column="roleId" property="id"/>
            <result column="roleName" property="name"/>
        </collection>
    </resultMap>
    
    <resultMap id="userResultMap" type="com.vms.model.UserVo">
        <id column="id" property="id" jdbcType="VARCHAR"/>
        <result column="loginname" property="loginname" jdbcType="VARCHAR"/>
        <result column="nickname" property="nickName" jdbcType="VARCHAR"/>
        <result column="password" property="password" jdbcType="VARCHAR"/>
        <result column="status" property="status" jdbcType="TINYINT"/>
        <result column="belongdept" property="belongDept" jdbcType="TINYINT"/>
        <result column="createtime" property="createdate" jdbcType="TIMESTAMP"/>
        <result column="updatetime" property="updatedate" jdbcType="TIMESTAMP"/>
        <result column="phone" property="phone" jdbcType="VARCHAR"/>
        <result column="roleIds" property="roleIds" jdbcType="VARCHAR"/>
		<result column="roleName" property="roleName" jdbcType="VARCHAR"/>
    </resultMap>
    
    <sql id="Base_Column_List">
    id, loginname, nickname, password,  status, belongdept,createtime, updatetime, 
    phone
  </sql>
    <select id="selectByPrimaryKey" resultMap="BaseResultMap" parameterType="java.lang.String">
        select
        <include refid="Base_Column_List"/>
        from t_userinfo
        where id = #{id,jdbcType=VARCHAR}
    </select>

    <select id="findUserByLoginName" resultMap="BaseResultMap" parameterType="java.lang.String">
        select
        <include refid="Base_Column_List"/>
        from t_userinfo
        where loginname = #{username}
    </select>

    <select id="findUserVoById" resultMap="userVoResultMap" parameterType="java.lang.String">
        SELECT
        t.id,
        loginname,
        t.nickname,
        password,
        t.status,
        belongdept,
        t.createtime,
        phone,
        o.id AS roleId,
        o.name AS roleName
        FROM
        t_userinfo t
        LEFT JOIN T_USER_ROLE r ON t.id = r.user_id
        LEFT JOIN T_ROLE o ON r.role_id = o.id
        <where>
            t.id = #{id}
        </where>
    </select>

    <select id="findUserById" resultMap="BaseResultMap" parameterType="java.lang.String">
        select
        <include refid="Base_Column_List"/>
        from t_userinfo
        where id = #{id}
    </select>
    
    
    <select id="findUserByPage" resultMap="userResultMap" parameterType="com.vms.model.Page">
        SELECT distinct t.id, loginname, t.nickname, password,  
		t.status, belongdept, t.createtime, phone,
		 to_char(r.roleIds) as roleIds,
		  to_char(r.roleName) as roleName  FROM t_userinfo t 
		   LEFT JOIN (select wm_concat(r.role_id) as roleIds,wm_concat(o.NAME) as roleName,r.user_id
			 from T_USER_ROLE r LEFT JOIN T_ROLE o on o.id = r.role_id group by r.user_id) r ON t.id = r.user_id
			 LEFT JOIN T_USER_ROLE ur on ur.user_id = t.id
		where t.id != '1' 
           order by t.createtime desc
    </select>
    
    <select id="findUserPageCondition" resultMap="userVoResultMap" parameterType="com.vms.model.PageInfo">
        SELECT
        t.id,
        loginname,
        t.nickname,
        password,
        t.status,
        belongdept,
        t.createtime,
        phone,
        o.id AS roleId,
        o.name AS roleName
        FROM
        t_userinfo t
        LEFT JOIN T_USER_ROLE r ON t.id = r.user_id
        LEFT JOIN T_ROLE o ON r.role_id = o.id
        LEFT JOIN T_dept s ON s.id = t.organization_id
        where t.id != '1' 
            <if test=" condition.nickName != null and condition.nickName != '' ">
               and t.nickname = #{condition.nickName}
            </if>
            <if test=" condition.belongdept != null ">
               and t.belongdept = #{condition.belongdept}
            </if>
            <if test="condition.startTime != null">
                <![CDATA[
            and t.createtime >= #{condition.startTime}
           ]]>
            </if>
            <if test="condition.endTime != null">
                <![CDATA[
            and t.createtime <= #{condition.endTime}
        ]]>
            </if>
        <!--LIMIT #{from}, #{size}-->
    </select>

    <select id="findUserPageCount" resultType="java.lang.Integer" parameterType="com.vms.model.PageInfo">
        select count(*) count
        from t_userinfo t
        where t.id != '1' 
            <if test=" condition.nickName != null and condition.nickName != '' ">
              and  t.nickName = #{condition.nickName}
            </if>
            <if test=" condition.belongdept != null ">
               and t.organization_id = #{condition.organizationId}
            </if>
            <if test="condition.startTime != null">
                <![CDATA[
            and t.createtime >= #{condition.startTime}
           ]]>
            </if>
            <if test="condition.endTime != null">
                <![CDATA[
            and t.createtime <= #{condition.endTime}
            ]]>
            </if>
    </select>

    <delete id="deleteById" parameterType="java.lang.String">
    delete from t_userinfo
    where id = #{id,jdbcType=VARCHAR}
  </delete>
  
    <insert id="insert" parameterType="com.vms.model.User">
        insert into t_userinfo (
        id, 
        loginname, 
        nickname, 
        password,
        status,
        belongDept,
        createtime,
        updatetime
        <if test="phone != null">
        ,phone
        </if>
        )
        values (
        #{id,jdbcType=VARCHAR},
        #{loginname,jdbcType=VARCHAR}, 
        #{nickName,jdbcType=VARCHAR}, 
        #{password,jdbcType=VARCHAR},
        #{status,jdbcType=TINYINT},
        #{belongDept,jdbcType=VARCHAR},
        #{createdate,jdbcType=TIMESTAMP},
        #{updatedate,jdbcType=TIMESTAMP}
        <if test="phone != null">
        ,#{phone,jdbcType=VARCHAR}
        </if>
        )
    </insert>

    <update id="updateUserPwdById" parameterType="com.vms.model.User">
    update t_userinfo
    set password = #{password,jdbcType=VARCHAR},
    set updatetime = sysdate
    where id = #{id,jdbcType=VARCHAR}
  </update>

    <update id="updateUser" parameterType="com.vms.model.User">
        update t_userinfo
        <set>
            <if test="loginname != null">
                loginname = #{loginname,jdbcType=VARCHAR},
            </if>
            <if test="nickName != null">
                nickName = #{name,jdbcType=VARCHAR},
            </if>
            <if test="password != null and password != ''">
                password = #{password,jdbcType=VARCHAR},
            </if>
            <if test="status != null">
                status = #{status,jdbcType=TINYINT},
            </if>
            <if test="belongDept != null">
                belongDept = #{belongDept,jdbcType=VARCHAR},
            </if>
            <if test="phone != null">
                phone = #{phone,jdbcType=VARCHAR},
            </if>
               updatetime=sysdate
        </set>
        where id = #{id,jdbcType=VARCHAR}
    </update>
    
    <select id="countUser"   parameterType="com.vms.model.User"  resultType="java.lang.Integer">
        SELECT　COUNT(1) FROM t_userinfo WHERE id != '1' 
        <if test="belongDept != null">
        AND belongDept = #{belongDept,jdbcType=VARCHAR}
        </if>
    </select>
    <select id="countLongUser" resultType="java.lang.Long">
        SELECT　COUNT(1) FROM t_userinfo WHERE id != '1' 
    </select>
    <select id="findSysUserByPage" resultMap="BaseResultMap" parameterType="com.vms.model.Page">
        SELECT 
        	<include refid="Base_Column_List"/>
        FROM t_userinfo 
        WHERE id != '1' 
    </select>
    
    
    <update id="editPersonInfo" parameterType="com.vms.model.UserVo">
    	update t_userinfo set phone=#{phone} where id=#{id}
    </update>
    
</mapper>