<?xml version="1.0" encoding="UTF-8" ?>
<!DOCTYPE mapper PUBLIC "-//mybatis.org//DTD Mapper 3.0//EN" "http://mybatis.org/dtd/mybatis-3-mapper.dtd" >
<mapper namespace="com.vms.activiti.mapper.WorkCalendarMapper">
	<resultMap id="BaseResultMap" type="com.vms.activiti.model.WorkCalendar">
        <result column="work_day" property="workDay" jdbcType="VARCHAR"/>
        <result column="work_month" property="workMonth" jdbcType="VARCHAR"/>
        <result column="work_year" property="workYear" jdbcType="VARCHAR"/>
        <result column="is_work" property="isWork" jdbcType="VARCHAR"/>
        <result column="update_time" property="updateTime" jdbcType="TIMESTAMP"/>
        <result column="work_ymd" property="workYmd" jdbcType="DATE"/>
    </resultMap>
    <sql id="Base_Column_List">
	    work_day, work_month, work_year, is_work, update_time,work_ymd
	</sql>
	<insert id="initWorkCalendar" useGeneratedKeys="false" parameterType="java.util.List">
		insert into T_WORK_CALENDAR(work_day,work_year,work_month,is_work,update_time,work_ymd) 
		select * from (
		<foreach collection="list" index="index" item="item"
			separator="union all">
			select 
			#{item.workDay,jdbcType=VARCHAR},
			#{item.workYear,jdbcType=VARCHAR},
			#{item.workMonth,jdbcType=VARCHAR},
			#{item.isWork,jdbcType=VARCHAR},
			#{item.updateTime,jdbcType=TIMESTAMP},#{item.workYmd,jdbcType=DATE} from dual
		</foreach>
		)
	</insert>
	<update id="updateWorkCalendarForMonth" parameterType="com.vms.activiti.model.WorkCalendar">
		update T_WORK_CALENDAR set is_work='02' where work_year=#{workYear} and work_month=#{workMonth}
	</update>
	
	<update id="updateWorkCalendar" parameterType="java.util.List">
		<foreach collection="list" item="item" index="index" open="begin"
			close=";end;" separator=";">
			update T_WORK_CALENDAR
			<set>
				is_work = #{item.isWork,jdbcType=VARCHAR},
				update_time = #{item.updateTime,jdbcType=TIMESTAMP}
			</set>
			where work_year=#{item.workYear} and work_month=#{item.workMonth} and work_day=#{item.workDay}
		</foreach>
	
	</update>
	
	<select id="queryWorkCalendarByMonth" parameterType="com.vms.activiti.model.WorkCalendar" resultType="java.lang.String">
		select a.work_year || ',' || a.work_month || ',' || a.work_day
		  from T_WORK_CALENDAR a
		 where a.work_year = #{workYear}
		   <if test="workMonth != null and workMonth !=''">
		   and a.work_month = #{workMonth}
		   </if>
		   <if test="isWork != null and isWork !=''">
		   and a.is_work=#{isWork}
		   </if>
		    order by to_number(a.work_day) asc
	</select>
	<select id="findMaxYear" resultType="java.lang.String">
		select max(work_year) from t_work_calendar
	</select>
	
	<select id="findWorkCalendarByRange" resultMap="BaseResultMap" parameterType="java.util.Map">
        select
        <include refid="Base_Column_List"/>
        from t_work_calendar 
        where 1=1
        <if test="startDay != '' and startDay != null">
			AND work_ymd &gt;= #{startDay,jdbcType=DATE}
		</if>
		<if test="endDay != '' and endDay != null">
			AND work_ymd &lt;= #{endDay,jdbcType=DATE}
		</if>
		order by work_ymd
    </select>
</mapper>