<?xml version="1.0" encoding="UTF-8"?>  
<beans xmlns="http://www.springframework.org/schema/beans"  
        xmlns:xsi="http://www.w3.org/2001/XMLSchema-instance" xmlns:int="http://www.springframework.org/schema/integration"  
        xmlns:int-kafka="http://www.springframework.org/schema/integration/kafka"  
        xmlns:task="http://www.springframework.org/schema/task"  
        xsi:schemaLocation="http://www.springframework.org/schema/integration/kafka   
                            http://www.springframework.org/schema/integration/kafka/spring-integration-kafka.xsd  
                            http://www.springframework.org/schema/integration   
                            http://www.springframework.org/schema/integration/spring-integration.xsd  
                            http://www.springframework.org/schema/beans   
                            http://www.springframework.org/schema/beans/spring-beans.xsd  
                            http://www.springframework.org/schema/task   
                            http://www.springframework.org/schema/task/spring-task.xsd">  
      
        <!-- 1,定义producer的参数 -->  
        <bean id="producerProperties" class="java.util.HashMap">
         <constructor-arg>
             <map>
             	 <!-- brokers集群 -->
                 <entry key="bootstrap.servers" value="${bootstrap.servers}" />
                 <!-- 发送失败重试次数 -->
                 <entry key="retries" value="0" />
                 <!-- 批处理条数：当多个记录被发送到同一个分区时，生产者会尝试将记录合并到更少的请求中。这有助于客户端和服务器的性能 -->
                 <entry key="batch.size" value="1638" />
                 <!-- 批处理延迟时间上限：即1ms过后，不管是否达到批处理数，都直接发送一次请求 -->
                 <entry key="linger.ms" value="1" />
                 <!-- 32MB的批处理缓冲区 -->
                 <entry key="buffer.memory" value="33554432" />
                 <!--acks=all 即所有副本都同步到数据时send方法才返回, 以此来完全判断数据是否发送成功-->
                 <entry key="acks" value="all" />   
                 <entry key="key.serializer" value="org.apache.kafka.common.serialization.StringSerializer" />
                 <entry key="value.serializer" value="org.apache.kafka.common.serialization.StringSerializer" />
             </map>
         </constructor-arg>
     </bean> 
      
     <!-- 2,创建生产者工厂-->
	<bean id="producerFactory" class="org.springframework.kafka.core.DefaultKafkaProducerFactory">
        <constructor-arg>
            <ref bean="producerProperties"/>
        </constructor-arg>
    </bean>
     
    <!-- 3,创建kafkaTemplate, 使用template的send消息方法 -->
    <bean id="kafkaTemplate" class="org.springframework.kafka.core.KafkaTemplate">
        <constructor-arg ref="producerFactory"/>
        <constructor-arg name="autoFlush" value="true"/>
        <property name="defaultTopic" value="opcs_topic"/>
    </bean>  
     
    </beans>  