<?xml version="1.0" encoding="UTF-8"?>
<beans xmlns="http://www.springframework.org/schema/beans" xmlns:xsi="http://www.w3.org/2001/XMLSchema-instance"
       xsi:schemaLocation="http://www.springframework.org/schema/beans http://www.springframework.org/schema/beans/spring-beans-3.2.xsd"
       default-lazy-init="true">

    <description>Shiro安全配置</description>


    <!--安全管理器-->
    <bean id="securityManager" class="org.apache.shiro.web.mgt.DefaultWebSecurityManager">
        <!--设置自定义Realm-->
        <property name="realm" ref="shiroDbRealm"/>
        <property name="cacheManager" ref="shiroEhcacheManager"/>
    </bean>
    
    <!-- 会话管理器 -->  
    <bean id="sessionManager"  
        class="org.apache.shiro.web.session.mgt.DefaultWebSessionManager">  
        <property name="sessionValidationSchedulerEnabled" value="false" />  
        <property name="sessionDAO" ref="sessionDAO" />  
        <property name="globalSessionTimeout" value="600000" /> 
        <property name="sessionIdCookieEnabled" value="true"/>
        <property name="sessionIdCookie" ref="sessionIdCookie"/> 
    </bean> 

 	<!-- 指定本系统SESSIONID, 默认为: JSESSIONID 问题: 与SERVLET容器名冲突, 如JETTY, TOMCAT 等默认JSESSIONID,
        	当跳出SHIRO SERVLET时如ERROR-PAGE容器会为JSESSIONID重新分配值导致登录会话丢失! -->
  	<!-- 会话Cookie模板 -->
    <bean id="sessionIdCookie" class="org.apache.shiro.web.servlet.SimpleCookie">  
        <constructor-arg value="sid"/>  
        <property name="httpOnly" value="true"/>  
        <property name="maxAge" value="180000"/>  
    </bean>  
    <!-- 項目自定义的Realm -->
    <bean id="shiroDbRealm" class="com.vms.shiro.ShiroDbRealm"/>
    <!-- Shiro Filter -->
    <bean id="shiroFilter" class="org.apache.shiro.spring.web.ShiroFilterFactoryBean">
        <!-- 安全管理器 -->
        <property name="securityManager" ref="securityManager"/>
        <!-- 默认的登陆访问url -->
        <property name="loginUrl" value="/login"/>
        <!-- 登陆成功后跳转的url -->
        <property name="successUrl" value="/home"/>
        <!-- 没有权限跳转的url -->
        <property name="unauthorizedUrl" value="/unauth"/>
        <property name="filterChainDefinitions">
            <value>
                /commons/** = anon <!-- 不需要认证 -->
                /javascript/** = anon
                /static/** = anon
                /doLogin/** = anon
                /verifiCode = anon
                /editPwd = anon
                /common/changeLanguage = anon
                /common/clearCookie = anon
                /script/** = anon
                /** = authc  <!--authc需要认证 -->
            </value>
        </property>
    </bean>

    <bean id="shiroEhcacheManager" class="org.apache.shiro.cache.ehcache.EhCacheManager">
        <property name="cacheManagerConfigFile" value="classpath:ehcache-shiro.xml"/>
    </bean>
   
    <!-- 在方法中 注入  securityManager ，进行代理控制 -->
    <bean class="org.springframework.beans.factory.config.MethodInvokingFactoryBean">
        <property name="staticMethod" value="org.apache.shiro.SecurityUtils.setSecurityManager"/>
        <property name="arguments" ref="securityManager"/>
    </bean>

    <!-- 保证实现了Shiro内部lifecycle函数的bean执行 -->
    <bean id="lifecycleBeanPostProcessor" class="org.apache.shiro.spring.LifecycleBeanPostProcessor"/>

    <!-- AOP式方法级权限检查  -->
    <bean class="org.springframework.aop.framework.autoproxy.DefaultAdvisorAutoProxyCreator"
          depends-on="lifecycleBeanPostProcessor"/>

    <!-- 启用shrio授权注解拦截方式 -->
    <bean class="org.apache.shiro.spring.security.interceptor.AuthorizationAttributeSourceAdvisor">
        <property name="securityManager" ref="securityManager"/>
    </bean>
    
    <!-- 验证码 -->
    <bean id="captchaProducer" class="com.google.code.kaptcha.impl.DefaultKaptcha">  
        <property name="config">  
            <bean class="com.google.code.kaptcha.util.Config">  
                <constructor-arg>  
                    <props>  
                        <prop key="kaptcha.border">no</prop>  
                        <prop key="kaptcha.border.color">105,179,90</prop>  
                        <prop key="kaptcha.textproducer.font.color">black</prop>  
                        <prop key="kaptcha.image.width">128</prop>  
                        <prop key="kaptcha.textproducer.font.size">36</prop>  
                        <prop key="kaptcha.image.height">40</prop>  
                        <prop key="kaptcha.session.key">ramdomCode</prop>  
                        <prop key="kaptcha.textproducer.char.length">4</prop>  
                        <prop key="kaptcha.noise.impl">com.google.code.kaptcha.impl.NoNoise</prop>
                        <prop key="kaptcha.obscurificator.impl">com.google.code.kaptcha.impl.ShadowGimpy</prop>
                        <prop key="kaptcha.textproducer.font.names">SansSerif,宋体,微软雅黑</prop>  
                    </props>  
                </constructor-arg>  
            </bean>  
        </property>  
    </bean>
</beans>